time,HEADERS,yaw,pitch,roll,bal,dISTE,anglePIDOutput,leftMotorSpeed,rightMotorSpeed,LoopT,speedPIDKp,speedPIDKi,speedPIDKd,anglePIDConKp,anglePIDConKi,anglePIDConKd,anglePIDAggKp,anglePIDAggKi,anglePIDAggKd,TriggerAngleAggressive,calibratedZeroAngle,FirmwareVersion,
1415230620950,T,     1.030,    -3.391,     0.881,    -0.000,     0.013,    56.366,     0.000,     0.000,5,5540,1330,23,728,260,48,1970,12,551,750,180,0.9
1415230621021,T,     1.042,    -3.520,     0.919,    -0.000,     0.018,    58.943,     0.000,     0.000,6,5540,1330,23,728,260,48,1970,12,551,750,180,0.9
1415230621148,T,     1.055,    -3.643,     0.957,    -0.000,     0.017,    61.513,     0.000,     0.000,5,5540,1330,23,728,260,48,1970,12,551,750,180,0.9
1415230621296,T,     1.073,    -3.753,     0.993,    -0.000,     0.019,    63.986,     0.000,     0.000,5,5540,1330,23,728,260,48,1970,12,551,750,180,0.9
1415230621450,T,     1.089,    -3.852,     1.028,    -0.000,     0.021,    66.382,     0.000,     0.000,5,5540,1330,23,728,260,48,1970,12,551,750,180,0.9
1415230621604,T,     1.092,    -3.946,     1.064,    -0.000,     0.023,    68.804,     0.000,     0.000,5,5540,1330,23,728,260,48,1970,12,551,750,180,0.9
1415230621755,T,     1.109,    -4.040,     1.090,    -0.000,     0.025,    71.351,     0.000,     0.000,5,5540,1330,23,728,260,48,1970,12,551,750,180,0.9
1415230621909,T,     1.122,    -4.122,     1.115,    -0.000,     0.027,    73.698,     0.000,     0.000,5,5540,1330,23,728,260,48,1970,12,551,750,180,0.9
1415230622059,T,     1.135,    -4.203,     1.149,    -0.000,     0.035,    76.148,     0.000,     0.000,6,5540,1330,23,728,260,48,1970,12,551,750,180,0.9
1415230622210,T,     1.145,    -4.284,     1.172,    -0.000,     0.031,    78.727,     0.000,     0.000,5,5540,1330,23,728,260,48,1970,12,551,750,180,0.9
1415230622361,T,     1.163,    -4.357,     1.202,    -0.000,     0.033,    81.075,     0.000,     0.000,5,5540,1330,23,728,260,48,1970,12,551,750,180,0.9
1415230622514,T,     1.176,    -4.428,     1.214,    -0.000,     0.034,    83.467,     0.000,     0.000,5,5540,1330,23,728,260,48,1970,12,551,750,180,0.9
1415230622667,T,     1.190,    -4.484,     1.219,    -0.000,     0.036,    85.803,     0.000,     0.000,5,5540,1330,23,728,260,48,1970,12,551,750,180,0.9
1415230622815,T,     1.204,    -4.537,     1.245,    -0.000,     0.037,    88.265,     0.000,     0.000,5,5540,1330,23,728,260,48,1970,12,551,750,180,0.9
1415230622971,T,     1.213,    -4.584,     1.253,    -0.000,     0.039,    90.553,     0.000,     0.000,5,5540,1330,23,728,260,48,1970,12,551,750,180,0.9
1415230623123,T,     1.226,    -4.613,     1.265,    -0.000,     0.040,    92.716,     0.000,     0.000,5,5540,1330,23,728,260,48,1970,12,551,750,180,0.9
1415230623274,T,     1.242,    -4.652,     1.273,    -0.000,     0.041,    95.052,     0.000,     0.000,5,5540,1330,23,728,260,48,1970,12,551,750,180,0.9
1415230623426,T,     1.258,    -4.680,     1.293,    -0.000,     0.041,    97.191,     0.000,     0.000,5,5540,1330,23,728,260,48,1970,12,551,750,180,0.9
1415230623579,T,     1.277,    -4.708,     1.309,    -0.000,     0.042,    99.396,     0.000,     0.000,5,5540,1330,23,728,260,48,1970,12,551,750,180,0.9
1415230623730,T,     1.291,    -4.730,     1.320,    -0.000,     0.043,   100.000,     0.000,     0.000,5,5540,1330,23,728,260,48,1970,12,551,750,180,0.9
1415230623881,T,     1.304,    -4.757,     1.332,    -0.000,     0.044,   100.000,     0.000,     0.000,5,5540,1330,23,728,260,48,1970,12,551,750,180,0.9
1415230624037,T,     1.318,    -4.772,     1.340,    -0.000,     0.044,   100.000,     0.000,     0.000,5,5540,1330,23,728,260,48,1970,12,551,750,180,0.9
1415230624253,T,     1.334,    -4.794,     1.348,    -0.000,     0.045,   100.000,     0.000,     0.000,5,5540,1330,23,728,260,48,1970,12,551,750,180,0.9
1415230624339,T,     1.344,    -4.817,     1.345,    -0.000,     0.045,   100.000,     0.000,     0.000,5,5540,1330,23,728,260,48,1970,12,551,750,180,0.9
1415230624491,T,     1.350,    -4.839,     1.352,    -0.000,     0.055,   100.000,     0.000,     0.000,6,5540,1330,23,728,260,48,1970,12,551,750,180,0.9
1415230624645,T,     1.371,    -4.846,     1.349,    -0.000,     0.046,   100.000,     0.000,     0.000,5,5540,1330,23,728,260,48,1970,12,551,750,180,0.9
1415230624795,T,     1.381,    -4.861,     1.353,    -0.000,     0.047,   100.000,     0.000,     0.000,5,5540,1330,23,728,260,48,1970,12,551,750,180,0.9
1415230624945,T,     1.400,    -4.851,     1.363,    -0.000,     0.047,   100.000,     0.000,     0.000,5,5540,1330,23,728,260,48,1970,12,551,750,180,0.9
1415230625098,T,     1.412,    -4.854,     1.358,    -0.000,     0.047,   100.000,     0.000,     0.000,5,5540,1330,23,728,260,48,1970,12,551,750,180,0.9
1415230625249,T,     1.427,    -4.870,     1.366,    -0.000,     0.047,   100.000,     0.000,     0.000,5,5540,1330,23,728,260,48,1970,12,551,750,180,0.9
1415230625401,T,     1.438,    -4.865,     1.370,    -0.000,     0.047,   100.000,     0.000,     0.000,5,5540,1330,23,728,260,48,1970,12,551,750,180,0.9
1415230625553,T,     1.454,    -4.855,     1.373,    -0.000,     0.056,   100.000,     0.000,     0.000,6,5540,1330,23,728,260,48,1970,12,551,750,180,0.9
1415230625708,T,     1.464,    -4.854,     1.369,    -0.000,     0.047,   100.000,     0.000,     0.000,5,5540,1330,23,728,260,48,1970,12,551,750,180,0.9
1415230625860,T,     1.475,    -4.841,     1.364,    -0.000,     0.046,   100.000,     0.000,     0.000,5,5540,1330,23,728,260,48,1970,12,551,750,180,0.9
1415230626014,T,     1.491,    -4.833,     1.356,    -0.000,     0.046,   100.000,     0.000,     0.000,5,5540,1330,23,728,260,48,1970,12,551,750,180,0.9
1415230626167,T,     1.506,    -4.821,     1.360,    -0.000,     0.046,   100.000,     0.000,     0.000,5,5540,1330,23,728,260,48,1970,12,551,750,180,0.9
1415230626316,T,     1.519,    -4.811,     1.352,    -0.000,     0.045,   100.000,     0.000,     0.000,5,5540,1330,23,728,260,48,1970,12,551,750,180,0.9
1415230626466,T,     1.540,    -4.804,     1.358,    -0.000,     0.045,   100.000,     0.000,     0.000,5,5540,1330,23,728,260,48,1970,12,551,750,180,0.9
1415230626618,T,     1.551,    -4.789,     1.358,    -0.000,     0.045,   100.000,     0.000,     0.000,5,5540,1330,23,728,260,48,1970,12,551,750,180,0.9
1415230626769,T,     1.560,    -4.787,     1.366,    -0.000,     0.045,   100.000,     0.000,     0.000,5,5540,1330,23,728,260,48,1970,12,551,750,180,0.9
1415230626919,T,     1.572,    -4.764,     1.367,    -0.000,     0.053,   100.000,     0.000,     0.000,6,5540,1330,23,728,260,48,1970,12,551,750,180,0.9
1415230627075,T,     1.586,    -4.751,     1.355,    -0.000,     0.044,   100.000,     0.000,     0.000,5,5540,1330,23,728,260,48,1970,12,551,750,180,0.9
1415230627224,T,     1.597,    -4.730,     1.353,    -0.000,     0.043,   100.000,     0.000,     0.000,5,5540,1330,23,728,260,48,1970,12,551,750,180,0.9
1415230627379,T,     1.603,    -4.730,     1.354,    -0.000,     0.052,   100.000,     0.000,     0.000,6,5540,1330,23,728,260,48,1970,12,551,750,180,0.9
1415230627526,T,     1.615,    -4.707,     1.362,    -0.000,     0.042,   100.000,     0.000,     0.000,5,5540,1330,23,728,260,48,1970,12,551,750,180,0.9
1415230627677,T,     1.633,    -4.692,     1.367,    -0.000,     0.042,   100.000,     0.000,     0.000,5,5540,1330,23,728,260,48,1970,12,551,750,180,0.9
1415230627830,T,     1.639,    -4.671,     1.358,    -0.000,     0.041,   100.000,     0.000,     0.000,5,5540,1330,23,728,260,48,1970,12,551,750,180,0.9
1415230627981,T,     1.649,    -4.660,     1.353,    -0.000,     0.041,   100.000,     0.000,     0.000,5,5540,1330,23,728,260,48,1970,12,551,750,180,0.9
1415230628133,T,     1.657,    -4.649,     1.344,    -0.000,     0.041,   100.000,     0.000,     0.000,5,5540,1330,23,728,260,48,1970,12,551,750,180,0.9
1415230628283,T,     1.671,    -4.639,     1.341,    -0.000,     0.048,   100.000,     0.000,     0.000,6,5540,1330,23,728,260,48,1970,12,551,750,180,0.9
1415230628437,T,     1.687,    -4.630,     1.329,    -0.000,     0.040,   100.000,     0.000,     0.000,5,5540,1330,23,728,260,48,1970,12,551,750,180,0.9
1415230628588,T,     1.696,    -4.624,     1.326,    -0.000,     0.040,   100.000,     0.000,     0.000,5,5540,1330,23,728,260,48,1970,12,551,750,180,0.9
1415230628739,T,     1.712,    -4.603,     1.331,    -0.000,     0.039,   100.000,     0.000,     0.000,5,5540,1330,23,728,260,48,1970,12,551,750,180,0.9
1415230628890,T,     1.724,    -4.592,     1.320,    -0.000,     0.039,   100.000,     0.000,     0.000,5,5540,1330,23,728,260,48,1970,12,551,750,180,0.9
1415230629041,T,     1.730,    -4.576,     1.311,    -0.000,     0.039,   100.000,     0.000,     0.000,5,5540,1330,23,728,260,48,1970,12,551,750,180,0.9
1415230629194,T,     1.741,    -4.541,     1.312,    -0.000,     0.038,   100.000,     0.000,     0.000,5,5540,1330,23,728,260,48,1970,12,551,750,180,0.9
1415230629345,T,     1.754,    -4.530,     1.304,    -0.000,     0.037,   100.000,     0.000,     0.000,5,5540,1330,23,728,260,48,1970,12,551,750,180,0.9
1415230629497,T,     1.761,    -4.510,     1.304,    -0.000,     0.037,   100.000,     0.000,     0.000,5,5540,1330,23,728,260,48,1970,12,551,750,180,0.9
1415230629648,T,     1.765,    -4.480,     1.294,    -0.000,     0.043,   100.000,     0.000,     0.000,6,5540,1330,23,728,260,48,1970,12,551,750,180,0.9
1415230629801,T,     1.782,    -4.482,     1.278,    -0.000,     0.036,   100.000,     0.000,     0.000,5,5540,1330,23,728,260,48,1970,12,551,750,180,0.9
1415230629951,T,     1.797,    -4.479,     1.282,    -0.000,     0.036,   100.000,     0.000,     0.000,5,5540,1330,23,728,260,48,1970,12,551,750,180,0.9
1415230630108,T,     1.808,    -4.472,     1.277,    -0.000,     0.036,   100.000,     0.000,     0.000,5,5540,1330,23,728,260,48,1970,12,551,750,180,0.9
1415230630260,T,     1.822,    -4.451,     1.276,    -0.000,     0.035,   100.000,     0.000,     0.000,5,5540,1330,23,728,260,48,1970,12,551,750,180,0.9
1415230630410,T,     1.837,    -4.440,     1.274,    -0.000,     0.035,   100.000,     0.000,     0.000,5,5540,1330,23,728,260,48,1970,12,551,750,180,0.9
1415230630561,T,     1.853,    -4.423,     1.270,    -0.000,     0.034,   100.000,     0.000,     0.000,5,5540,1330,23,728,260,48,1970,12,551,750,180,0.9
1415230630716,T,     1.869,    -4.407,     1.267,    -0.000,     0.034,   100.000,     0.000,     0.000,5,5540,1330,23,728,260,48,1970,12,551,750,180,0.9
1415230630865,T,     1.883,    -4.392,     1.266,    -0.000,     0.034,   100.000,     0.000,     0.000,5,5540,1330,23,728,260,48,1970,12,551,750,180,0.9
1415230631017,T,     1.900,    -4.382,     1.259,    -0.000,     0.040,   100.000,     0.000,     0.000,6,5540,1330,23,728,260,48,1970,12,551,750,180,0.9
1415230631168,T,     1.909,    -4.367,     1.263,    -0.000,     0.033,   100.000,     0.000,     0.000,5,5540,1330,23,728,260,48,1970,12,551,750,180,0.9
1415230631319,T,     1.920,    -4.362,     1.246,    -0.000,     0.033,   100.000,     0.000,     0.000,5,5540,1330,23,728,260,48,1970,12,551,750,180,0.9
1415230631471,T,     1.934,    -4.365,     1.243,    -0.000,     0.033,   100.000,     0.000,     0.000,5,5540,1330,23,728,260,48,1970,12,551,750,180,0.9
1415230631702,T,     1.947,    -4.348,     1.235,    -0.000,     0.033,   100.000,     0.000,     0.000,5,5540,1330,23,728,260,48,1970,12,551,750,180,0.9
1415230631774,T,     1.964,    -4.330,     1.230,    -0.000,     0.032,   100.000,     0.000,     0.000,5,5540,1330,23,728,260,48,1970,12,551,750,180,0.9
1415230631929,T,     1.974,    -4.317,     1.222,    -0.000,     0.032,   100.000,     0.000,     0.000,5,5540,1330,23,728,260,48,1970,12,551,750,180,0.9
1415230632081,T,     1.986,    -4.314,     1.216,    -0.000,     0.032,   100.000,     0.000,     0.000,5,5540,1330,23,728,260,48,1970,12,551,750,180,0.9
1415230632232,T,     2.000,    -4.300,     1.220,    -0.000,     0.037,   100.000,     0.000,     0.000,6,5540,1330,23,728,260,48,1970,12,551,750,180,0.9
1415230632384,T,     2.009,    -4.293,     1.227,    -0.000,     0.031,   100.000,     0.000,     0.000,5,5540,1330,23,728,260,48,1970,12,551,750,180,0.9
1415230632535,T,     2.020,    -4.283,     1.228,    -0.000,     0.031,   100.000,     0.000,     0.000,5,5540,1330,23,728,260,48,1970,12,551,750,180,0.9
1415230632688,T,     2.033,    -4.266,     1.232,    -0.000,     0.030,   100.000,     0.000,     0.000,5,5540,1330,23,728,260,48,1970,12,551,750,180,0.9
1415230632839,T,     2.048,    -4.262,     1.215,    -0.000,     0.030,   100.000,     0.000,     0.000,5,5540,1330,23,728,260,48,1970,12,551,750,180,0.9
1415230632993,T,     2.066,    -4.258,     1.202,    -0.000,     0.030,   100.000,     0.000,     0.000,5,5540,1330,23,728,260,48,1970,12,551,750,180,0.9
1415230633142,T,     2.086,    -4.248,     1.199,    -0.000,     0.030,   100.000,     0.000,     0.000,5,5540,1330,23,728,260,48,1970,12,551,750,180,0.9
1415230633293,T,     2.101,    -4.239,     1.210,    -0.000,     0.030,   100.000,     0.000,     0.000,5,5540,1330,23,728,260,48,1970,12,551,750,180,0.9
1415230633451,T,     2.111,    -4.233,     1.205,    -0.000,     0.036,   100.000,     0.000,     0.000,6,5540,1330,23,728,260,48,1970,12,551,750,180,0.9
1415230633600,T,     2.123,    -4.224,     1.210,    -0.000,     0.029,   100.000,     0.000,     0.000,5,5540,1330,23,728,260,48,1970,12,551,750,180,0.9
1415230633753,T,     2.141,    -4.225,     1.211,    -0.000,     0.029,   100.000,     0.000,     0.000,5,5540,1330,23,728,260,48,1970,12,551,750,180,0.9
1415230686351,T,    86.913,     1.229,     1.158,    -0.000,     0.046,   100.000,     0.000,     0.000,5,5540,1330,23,728,260,48,1970,12,551,750,180,0.9
1415230686506,T,    86.909,     1.228,     1.167,    -0.000,     0.047,   100.000,     0.000,     0.000,5,5540,1330,23,728,260,48,1970,12,551,750,180,0.9
1415230686658,T,    86.914,     1.237,     1.174,    -0.000,     0.047,   100.000,     0.000,     0.000,5,5540,1330,23,728,260,48,1970,12,551,750,180,0.9
1415230686809,T,    86.918,     1.185,     1.182,    -0.000,     0.054,   100.000,     0.000,     0.000,6,5540,1330,23,728,260,48,1970,12,551,750,180,0.9
1415230686961,T,    86.922,     1.162,     1.202,    -0.000,     0.044,   100.000,     0.000,     0.000,5,5540,1330,23,728,260,48,1970,12,551,750,180,0.9
1415230687114,T,    86.924,     1.160,     1.209,    -0.000,     0.053,   100.000,     0.000,     0.000,6,5540,1330,23,728,260,48,1970,12,551,750,180,0.9
1415230687264,T,    86.921,     1.155,     1.223,    -0.000,     0.044,   100.000,     0.000,     0.000,5,5540,1330,23,728,260,48,1970,12,551,750,180,0.9
1415230687419,T,    86.922,     1.178,     1.235,    -0.000,     0.045,   100.000,     0.000,     0.000,5,5540,1330,23,728,260,48,1970,12,551,750,180,0.9
1415230687578,T,    86.924,     1.203,     1.260,    -0.000,     0.046,   100.000,     0.000,     0.000,5,5540,1330,23,728,260,48,1970,12,551,750,180,0.9
1415230687723,T,    86.926,     1.269,     1.266,    -0.000,     0.048,   100.000,     0.000,     0.000,5,5540,1330,23,728,260,48,1970,12,551,750,180,0.9
1415230687874,T,    86.940,     1.423,     1.285,    -0.000,     0.073,   100.000,     0.000,     0.000,7,5540,1330,23,728,260,48,1970,12,551,750,180,0.9
1415230688032,T,    86.947,     1.421,     1.287,    -0.000,     0.053,   100.000,     0.000,     0.000,5,5540,1330,23,728,260,48,1970,12,551,750,180,0.9
1415230688182,T,    86.939,     1.471,     1.291,    -0.000,     0.054,   100.000,     0.000,     0.000,5,5540,1330,23,728,260,48,1970,12,551,750,180,0.9
1415230688337,T,    86.906,     1.372,     1.288,    -0.000,     0.051,   100.000,     0.000,     0.000,5,5540,1330,23,728,260,48,1970,12,551,750,180,0.9
1415230688498,T,    86.867,     1.612,     1.287,    -0.000,     0.059,    99.390,     0.000,     0.000,5,5540,1330,23,728,260,48,1970,12,551,750,180,0.9
1415230688609,HEADERS,yaw,pitch,roll,bal,dISTE,anglePIDOutput,leftMotorSpeed,rightMotorSpeed,LoopT,speedPIDKp,speedPIDKi,speedPIDKd,anglePIDConKp,anglePIDConKi,anglePIDConKd,anglePIDAggKp,anglePIDAggKi,anglePIDAggKd,TriggerAngleAggressive,calibratedZeroAngle,FirmwareVersion
1415230688645,T,    86.879,     1.552,     1.273,     0.192,     0.069,   100.000,    -4.000,     2.000,6,5540,1330,23,728,260,48,1970,12,551,750,180,0.9
1415230688792,T,    88.030,     8.660,     1.339,     0.397,     0.068,    69.834,     0.000,    12.000,5,5540,1330,23,728,260,48,1970,12,551,750,180,0.9
1415230688946,T,    90.314,    11.939,     1.249,     0.911,     0.941,    44.865,     0.000,     3.000,6,5540,1330,23,728,260,48,1970,12,551,750,180,0.9
1415230689099,T,    93.139,    11.927,     1.160,     0.442,     1.055,  -100.000,     0.000,    -1.000,6,5540,1330,23,728,260,48,1970,12,551,750,180,0.9
1415230689255,T,    93.518,    10.301,     1.083,     0.790,     0.731,   -34.764,     0.000,     2.000,6,5540,1330,23,728,260,48,1970,12,551,750,180,0.9
1415230689412,T,    95.896,    10.075,     1.004,    -0.000,     0.888,    82.365,     0.000,     0.000,6,5540,1330,23,728,260,48,1970,12,551,750,180,0.9
1415230689563,T,    98.579,    10.444,     0.608,    -0.000,     0.808,    17.591,     0.000,     0.000,5,5540,1330,23,728,260,48,1970,12,551,750,180,0.9
1415230689718,T,   101.106,    10.242,     0.242,     2.637,     1.197,   -34.804,     0.000,    -5.000,6,5540,1330,23,728,260,48,1970,12,551,750,180,0.9
1415230689873,T,   103.061,     9.198,     0.120,     1.960,     0.934,    31.251,     0.000,    -4.000,6,5540,1330,23,728,260,48,1970,12,551,750,180,0.9
1415230690021,T,   104.949,    14.962,     0.035,     6.989,     2.222,  -100.000,     0.000,    -8.000,5,5540,1330,23,728,260,48,1970,12,551,750,180,0.9
1415230690180,T,   107.142,    16.884,    -0.074,    24.992,     4.312,  -100.000,     0.000,   -15.000,6,5540,1330,23,728,260,48,1970,12,551,750,180,0.9
1415230690329,T,   109.619,    12.640,    -0.984,    19.896,     2.893,   -40.264,     0.000,   -13.000,6,5540,1330,23,728,260,48,1970,12,551,750,180,0.9
1415230690476,T,   112.395,     8.321,    -0.790,     3.895,     1.260,    42.576,     0.000,    -4.000,7,5540,1330,23,728,260,48,1970,12,551,750,180,0.9
1415230690635,T,   114.089,     8.917,    -0.880,    -0.000,     0.925,    45.825,     0.000,     0.000,6,5540,1330,23,728,260,48,1970,12,551,750,180,0.9
1415230690782,T,   113.936,     9.065,    -0.709,    -0.000,     0.630,    -1.234,     0.000,     0.000,5,5540,1330,23,728,260,48,1970,12,551,750,180,0.9
1415230690940,T,   114.022,     9.066,    -0.510,     2.678,     0.237,    59.819,     0.000,    11.000,6,5540,1330,23,728,260,48,1970,12,551,750,180,0.9
1415230691094,T,   114.879,    11.687,    -0.260,    -0.000,     1.169,  -100.000,     0.000,     0.000,6,5540,1330,23,728,260,48,1970,12,551,750,180,0.9
1415230691246,T,   115.495,    10.247,    -0.310,     1.551,     1.111,   -84.277,     0.000,    -3.000,6,5540,1330,23,728,260,48,1970,12,551,750,180,0.9
1415230691402,T,   116.392,     9.828,    -0.290,     4.595,     1.485,   -76.874,     0.000,    -7.000,6,5540,1330,23,728,260,48,1970,12,551,750,180,0.9
1415230691553,T,   117.577,    11.034,    -0.556,     4.804,     1.780,  -100.000,     0.000,    -6.000,6,5540,1330,23,728,260,48,1970,12,551,750,180,0.9
1415230691707,T,   118.668,    11.690,    -0.619,    16.944,     2.927,  -100.000,     0.000,   -14.000,6,5540,1330,23,728,260,48,1970,12,551,750,180,0.9
1415230691860,T,   120.303,     8.503,    -0.625,    12.768,     1.947,    10.220,     0.000,   -12.000,6,5540,1330,23,728,260,48,1970,12,551,750,180,0.9
1415230692015,T,   120.802,     7.310,    -0.955,     2.209,     1.068,    25.133,     0.000,    -3.000,7,5540,1330,23,728,260,48,1970,12,551,750,180,0.9
1415230692166,T,   118.793,     8.066,    -0.789,     2.102,     0.450,    39.700,     0.000,     5.000,6,5540,1330,23,728,260,48,1970,12,551,750,180,0.9
1415230692323,T,   116.576,     8.558,    -0.915,     1.296,     0.529,    47.786,     0.000,     4.000,6,5540,1330,23,728,260,48,1970,12,551,750,180,0.9
1415230692478,T,   114.773,     8.207,    -1.095,     0.786,     0.447,    55.762,     0.000,     3.000,6,5540,1330,23,728,260,48,1970,12,551,750,180,0.9
1415230692634,T,   111.417,     9.435,    -0.781,     1.204,     0.650,   100.000,     0.000,     4.000,6,5540,1330,23,728,260,48,1970,12,551,750,180,0.9
1415230692782,T,   108.887,     8.217,    -0.862,     1.542,     0.341,    51.366,     0.000,     7.000,6,5540,1330,23,728,260,48,1970,12,551,750,180,0.9
1415230692937,T,   106.374,     9.235,    -0.205,     1.702,     0.416,   100.000,     0.000,     8.000,6,5540,1330,23,728,260,48,1970,12,551,750,180,0.9
1415230693084,T,   105.912,     9.920,    -0.102,     1.016,     0.559,  -100.000,     0.000,     4.000,6,5540,1330,23,728,260,48,1970,12,551,750,180,0.9
1415230693240,T,   105.955,     7.455,    -0.267,     1.181,     0.164,    56.418,     0.000,     8.000,6,5540,1330,23,728,260,48,1970,12,551,750,180,0.9
1415230693396,T,   105.978,    10.623,    -0.061,     0.344,     0.930,  -100.000,     0.000,     1.000,6,5540,1330,23,728,260,48,1970,12,551,750,180,0.9
1415230693547,T,   105.273,     9.492,     0.176,     0.433,     0.975,   -76.923,     0.000,    -1.000,7,5540,1330,23,728,260,48,1970,12,551,750,180,0.9
1415230693704,T,   105.055,    10.552,     0.357,     2.215,     1.257,  -100.000,     0.000,    -4.000,6,5540,1330,23,728,260,48,1970,12,551,750,180,0.9
1415230693854,T,   105.474,     8.635,     0.393,     5.975,     1.249,    -7.477,     0.000,   -10.000,5,5540,1330,23,728,260,48,1970,12,551,750,180,0.9
1415230694018,T,   106.748,    10.156,     0.302,     8.201,     1.674,  -100.000,     0.000,   -11.000,5,5540,1330,23,728,260,48,1970,12,551,750,180,0.9
1415230694162,T,   107.832,    10.464,    -0.133,    17.750,     2.457,  -100.000,     0.000,   -17.000,5,5540,1330,23,728,260,48,1970,12,551,750,180,0.9
1415230694314,T,   112.983,     3.192,    -0.076,     5.453,     0.670,    32.607,     0.000,    -9.000,5,5540,1330,23,728,260,48,1970,12,551,750,180,0.9
1415230694464,T,   115.959,     2.323,    -0.255,     1.637,     0.134,    53.601,    -4.000,     2.000,5,5540,1330,23,728,260,48,1970,12,551,750,180,0.9
1415230694620,T,   113.763,     5.791,    -0.438,     1.200,     0.094,    48.826,     0.000,     9.000,6,5540,1330,23,728,260,48,1970,12,551,750,180,0.9
1415230694777,T,   110.593,    10.733,     0.024,     0.648,     0.883,    -7.779,     0.000,     2.000,6,5540,1330,23,728,260,48,1970,12,551,750,180,0.9
1415230694928,T,   109.283,     9.264,     0.160,     0.623,     0.608,    14.604,     0.000,     2.000,5,5540,1330,23,728,260,48,1970,12,551,750,180,0.9
1415230695084,T,   109.716,     9.060,     0.204,     1.017,     1.260,     0.842,     0.000,    -2.000,7,5540,1330,23,728,260,48,1970,12,551,750,180,0.9
1415230695235,T,   110.266,     9.128,     0.126,     6.333,     1.649,   -63.795,     0.000,    -9.000,6,5540,1330,23,728,260,48,1970,12,551,750,180,0.9
1415230695386,T,   112.611,     5.343,    -0.146,     2.542,     0.776,    28.771,     0.000,    -5.000,7,5540,1330,23,728,260,48,1970,12,551,750,180,0.9
1415230695539,T,   116.121,     6.191,    -0.119,     0.839,     0.277,    32.305,     0.000,     3.000,6,5540,1330,23,728,260,48,1970,12,551,750,180,0.9
1415230695878,T,   117.991,    10.791,    -0.023,     1.174,     0.921,  -100.000,     0.000,     3.000,6,5540,1330,23,728,260,48,1970,12,551,750,180,0.9
1415230695880,T,   117.435,     9.196,     0.078,    -0.000,     0.912,     2.124,     0.000,     0.000,6,5540,1330,23,728,260,48,1970,12,551,750,180,0.9
1415230696001,T,   117.209,     9.041,     0.186,    -0.000,     0.903,    -9.326,     0.000,     0.000,6,5540,1330,23,728,260,48,1970,12,551,750,180,0.9
1415230696155,T,   117.208,     9.609,     0.157,     1.554,     1.128,   -89.086,     0.000,    -3.000,6,5540,1330,23,728,260,48,1970,12,551,750,180,0.9
1415230696307,T,   116.267,     6.934,     0.332,     1.910,     0.905,    -1.562,     0.000,    -4.000,6,5540,1330,23,728,260,48,1970,12,551,750,180,0.9
1415230696463,T,   116.385,     6.915,     0.436,     0.343,     0.519,     7.374,     0.000,     1.000,6,5540,1330,23,728,260,48,1970,12,551,750,180,0.9
1415230696615,T,   117.562,     8.738,     0.345,     1.071,     0.443,    -0.642,     0.000,     4.000,5,5540,1330,23,728,260,48,1970,12,551,750,180,0.9
1415230696771,T,   117.704,     8.437,     0.300,     0.697,     0.796,   -12.129,     0.000,    -2.000,5,5540,1330,23,728,260,48,1970,12,551,750,180,0.9
1415230696923,T,   117.106,     6.922,     0.416,     1.173,     0.835,    -1.591,     0.000,    -3.000,7,5540,1330,23,728,260,48,1970,12,551,750,180,0.9
1415230697075,T,   117.577,     6.907,     0.512,    -0.000,     0.650,   -11.678,     0.000,     0.000,6,5540,1330,23,728,260,48,1970,12,551,750,180,0.9
1415230697230,T,   117.906,     6.689,     0.503,     0.301,     0.542,     0.455,     0.000,     1.000,6,5540,1330,23,728,260,48,1970,12,551,750,180,0.9
1415230697381,T,   117.876,     6.865,     0.498,     0.246,     0.424,    -1.259,     0.000,     1.000,5,5540,1330,23,728,260,48,1970,12,551,750,180,0.9
1415230697538,T,   117.855,     6.655,     0.481,    -0.000,     0.474,    -3.289,     0.000,     0.000,5,5540,1330,23,728,260,48,1970,12,551,750,180,0.9
1415230697689,T,   117.674,     5.953,     0.494,     0.286,     0.627,    -2.148,     0.000,    -1.000,7,5540,1330,23,728,260,48,1970,12,551,750,180,0.9
1415230697843,T,   117.157,     6.106,     0.555,     0.263,     0.497,    -8.324,     0.000,    -1.000,6,5540,1330,23,728,260,48,1970,12,551,750,180,0.9
1415230697995,T,   116.946,     8.088,     0.580,     0.975,     0.727,   -36.717,     0.000,    -3.000,5,5540,1330,23,728,260,48,1970,12,551,750,180,0.9
1415230698151,T,   116.396,     9.394,     0.686,     5.372,     1.530,  -100.000,     0.000,    -9.000,5,5540,1330,23,728,260,48,1970,12,551,750,180,0.9
1415230698307,T,   115.218,     3.052,     0.958,     8.592,     1.248,   -22.369,     0.000,   -14.000,6,5540,1330,23,728,260,48,1970,12,551,750,180,0.9
1415230698459,T,   114.268,    -3.602,     0.955,     0.719,     0.017,    47.200,     0.000,    -3.000,6,5540,1330,23,728,260,48,1970,12,551,750,180,0.9
1415230698614,T,   113.833,    -2.881,     0.998,     0.649,     0.054,    67.093,     0.000,     6.000,6,5540,1330,23,728,260,48,1970,12,551,750,180,0.9
1415230698761,T,   113.378,     1.944,     0.460,     0.661,     0.000,    38.624,    -4.000,    12.000,5,5540,1330,23,728,260,48,1970,12,551,750,180,0.9
1415230698917,T,   112.892,     9.235,     0.263,     0.735,     0.132,    -5.680,     0.000,    13.000,6,5540,1330,23,728,260,48,1970,12,551,750,180,0.9
1415230699069,T,   111.983,     9.134,     0.425,     0.326,     0.984,   -10.441,     0.000,    -1.000,6,5540,1330,23,728,260,48,1970,12,551,750,180,0.9
1415230699224,T,   111.156,     6.233,     0.498,     1.082,     0.764,   -12.945,     0.000,    -3.000,7,5540,1330,23,728,260,48,1970,12,551,750,180,0.9
1415230699371,T,   109.521,     3.499,     0.573,    -0.000,     0.311,     7.947,     0.000,     0.000,6,5540,1330,23,728,260,48,1970,12,551,750,180,0.9
1415230699528,T,   108.833,     3.271,     0.701,     0.132,     0.139,    15.156,     0.000,     1.000,5,5540,1330,23,728,260,48,1970,12,551,750,180,0.9
1415230699679,T,   106.987,     4.172,     0.627,     0.431,     0.115,     9.665,     0.000,     5.000,6,5540,1330,23,728,260,48,1970,12,551,750,180,0.9
1415230699834,T,   104.942,     6.977,     0.654,    -0.000,     0.595,   -22.469,     0.000,     0.000,6,5540,1330,23,728,260,48,1970,12,551,750,180,0.9
1415230699987,T,   104.318,     6.381,     0.700,     0.532,     0.593,   -29.816,     0.000,    -2.000,5,5540,1330,23,728,260,48,1970,12,551,750,180,0.9
1415230700138,T,   103.302,     5.802,     0.705,     2.000,     0.750,   -42.506,     0.000,    -6.000,5,5540,1330,23,728,260,48,1970,12,551,750,180,0.9
1415230700292,T,   102.276,     3.639,     0.759,     4.678,     1.102,   -36.171,     0.000,   -10.000,7,5540,1330,23,728,260,48,1970,12,551,750,180,0.9
1415230700453,T,   101.779,    -0.479,     1.077,     4.726,     0.598,   -12.522,     0.000,   -13.000,6,5540,1330,23,728,260,48,1970,12,551,750,180,0.9
1415230700597,T,   102.112,    -3.356,     0.774,     0.968,     0.072,    13.825,     0.000,    -6.000,6,5540,1330,23,728,260,48,1970,12,551,750,180,0.9
1415230700752,T,   102.993,     0.185,     0.656,     0.081,     0.063,    -4.262,     0.000,    -1.000,5,5540,1330,23,728,260,48,1970,12,551,750,180,0.9
1415230700903,T,   102.238,     1.931,     0.685,     2.068,     0.569,   -37.121,    -4.000,    -6.000,5,5540,1330,23,728,260,48,1970,12,551,750,180,0.9
1415230701055,T,   101.898,    -1.428,     0.740,     1.235,     0.244,    -3.187,     0.000,    -8.000,5,5540,1330,23,728,260,48,1970,12,551,750,180,0.9
1415230701206,T,   101.915,    -3.012,     0.749,    -0.000,     0.004,    23.473,     0.000,     0.000,6,5540,1330,23,728,260,48,1970,12,551,750,180,0.9
1415230701358,T,   101.827,    -0.608,     0.725,     0.088,     0.020,    12.772,     0.000,     3.000,5,5540,1330,23,728,260,48,1970,12,551,750,180,0.9
1415230701514,T,   101.781,     2.032,     0.537,     0.126,     0.373,   -27.024,     0.000,     1.000,6,5540,1330,23,728,260,48,1970,12,551,750,180,0.9
1415230701665,T,   101.529,     0.257,     0.511,     0.087,     0.124,     0.717,     0.000,     1.000,6,5540,1330,23,728,260,48,1970,12,551,750,180,0.9
1415230701821,T,   101.179,     0.609,     0.528,     0.106,     0.065,     9.202,     0.000,     2.000,6,5540,1330,23,728,260,48,1970,12,551,750,180,0.9
1415230701973,T,   100.789,     1.227,     0.373,    -0.000,     0.116,    13.020,     0.000,     0.000,5,5540,1330,23,728,260,48,1970,12,551,750,180,0.9
1415230702124,T,   100.938,     0.976,     0.390,     0.144,     0.086,     8.895,     0.000,     3.000,7,5540,1330,23,728,260,48,1970,12,551,750,180,0.9
1415230702279,T,   101.503,     0.702,     0.570,     0.071,     0.055,    21.517,     0.000,     2.000,5,5540,1330,23,728,260,48,1970,12,551,750,180,0.9
1415230702427,T,   102.024,     0.997,     0.621,     0.099,     0.036,    14.367,     0.000,     4.000,6,5540,1330,23,728,260,48,1970,12,551,750,180,0.9
1415230702578,T,   102.165,     0.663,     0.515,     0.055,     0.058,    21.021,     0.000,     2.000,5,5540,1330,23,728,260,48,1970,12,551,750,180,0.9
1415230702736,T,   101.903,     0.471,     0.689,     0.069,     0.022,    20.147,     0.000,     4.000,6,5540,1330,23,728,260,48,1970,12,551,750,180,0.9
1415230702881,T,   101.853,     1.945,     0.652,     0.521,     0.220,   -12.327,    -4.000,     3.000,6,5540,1330,23,728,260,48,1970,12,551,750,180,0.9
1415230703036,T,   101.634,    -0.120,     0.607,     0.147,     0.003,    33.542,     0.000,     5.000,6,5540,1330,23,728,260,48,1970,12,551,750,180,0.9
1415230703191,T,   101.452,     1.505,     0.874,     0.139,     0.001,    26.182,    -4.000,     8.000,6,5540,1330,23,728,260,48,1970,12,551,750,180,0.9
1415230703341,T,   100.649,     5.258,     0.747,     0.213,     0.062,    -0.403,     0.000,     9.000,6,5540,1330,23,728,260,48,1970,12,551,750,180,0.9
1415230703496,T,    98.823,     7.052,     0.802,    -0.000,     0.648,   -31.087,     0.000,     0.000,6,5540,1330,23,728,260,48,1970,12,551,750,180,0.9
1415230703649,T,    97.688,     4.163,     0.881,     0.597,     0.385,   -17.655,     0.000,    -3.000,5,5540,1330,23,728,260,48,1970,12,551,750,180,0.9
1415230703799,T,    96.318,     0.639,     1.061,     0.765,     0.249,     2.883,     0.000,    -5.000,6,5540,1330,23,728,260,48,1970,12,551,750,180,0.9
1415230703954,T,    95.824,     0.056,     1.068,     0.141,     0.039,     8.680,     0.000,     2.000,5,5540,1330,23,728,260,48,1970,12,551,750,180,0.9
1415230704107,T,    95.863,     1.806,     1.045,     0.350,     0.139,   -10.731,    -4.000,    -1.000,5,5540,1330,23,728,260,48,1970,12,551,750,180,0.9
1415230704261,T,    95.699,     1.199,     1.026,     0.047,     0.067,     7.184,     0.000,     1.000,5,5540,1330,23,728,260,48,1970,12,551,750,180,0.9
1415230704413,T,    95.681,     0.851,     0.878,    -0.000,     0.092,    -0.646,     0.000,     0.000,5,5540,1330,23,728,260,48,1970,12,551,750,180,0.9
1415230704565,T,    95.466,     0.605,     0.696,     0.039,     0.070,     5.318,     0.000,     1.000,6,5540,1330,23,728,260,48,1970,12,551,750,180,0.9
1415230704721,T,    94.806,     1.589,     0.511,    -0.000,     0.207,   -17.449,     0.000,     0.000,5,5540,1330,23,728,260,48,1970,12,551,750,180,0.9
1415230704876,T,    94.728,     0.121,     0.639,     0.080,     0.031,    16.256,     0.000,     2.000,6,5540,1330,23,728,260,48,1970,12,551,750,180,0.9
1415230705029,T,    95.260,     1.538,     0.601,     0.454,     0.135,    -8.278,    -4.000,     4.000,6,5540,1330,23,728,260,48,1970,12,551,750,180,0.9
1415230705180,T,    95.515,     0.797,     0.691,     0.088,     0.073,    10.263,     0.000,     2.000,6,5540,1330,23,728,260,48,1970,12,551,750,180,0.9
1415230705337,T,    95.715,     1.495,     0.636,     0.082,     0.212,   -14.554,     0.000,     1.000,6,5540,1330,23,728,260,48,1970,12,551,750,180,0.9
1415230705487,T,    96.299,     1.075,     0.734,     0.096,     0.054,     5.740,     0.000,     2.000,5,5540,1330,23,728,260,48,1970,12,551,750,180,0.9
1415230705642,T,    96.849,     1.296,     0.554,     0.057,     0.126,     0.263,     0.000,     1.000,6,5540,1330,23,728,260,48,1970,12,551,750,180,0.9
1415230705799,T,    96.975,     1.306,     0.615,     0.115,     0.116,    -1.230,    -2.000,     0.000,6,5540,1330,23,728,260,48,1970,12,551,750,180,0.9
1415230705950,T,    96.916,     0.852,     0.657,     0.046,     0.077,    -0.202,     0.000,     1.000,5,5540,1330,23,728,260,48,1970,12,551,750,180,0.9
1415230706105,T,    96.978,     1.103,     0.651,     0.034,     0.053,     5.764,     0.000,     1.000,5,5540,1330,23,728,260,48,1970,12,551,750,180,0.9
1415230706258,T,    97.091,     0.915,     0.738,    -0.000,     0.093,     4.795,     0.000,     0.000,5,5540,1330,23,728,260,48,1970,12,551,750,180,0.9
1415230706409,T,    97.294,     0.581,     0.824,    -0.000,     0.070,     9.286,     0.000,     0.000,5,5540,1330,23,728,260,48,1970,12,551,750,180,0.9
1415230706560,T,    97.103,     1.083,     0.872,     0.133,     0.169,    -4.528,     0.000,    -2.000,7,5540,1330,23,728,260,48,1970,12,551,750,180,0.9
1415230706715,T,    97.010,     0.627,     0.839,     0.041,     0.052,     5.976,     0.000,     1.000,5,5540,1330,23,728,260,48,1970,12,551,750,180,0.9
1415230706970,T,    97.199,     1.410,     0.821,     0.591,     0.268,   -18.922,    -4.000,    -2.000,6,5540,1330,23,728,260,48,1970,12,551,750,180,0.9
1415230707019,T,    97.279,     0.500,     0.825,     0.053,     0.050,     6.412,     0.000,     1.000,5,5540,1330,23,728,260,48,1970,12,551,750,180,0.9
1415230707170,T,    97.297,     1.459,     0.827,     0.112,     0.295,   -23.820,     0.000,     1.000,6,5540,1330,23,728,260,48,1970,12,551,750,180,0.9
1415230707325,T,    96.961,     0.630,     0.856,     0.065,     0.073,     2.384,     0.000,     1.000,6,5540,1330,23,728,260,48,1970,12,551,750,180,0.9
1415230707478,T,    96.468,     1.355,     0.857,    -0.000,     0.124,    -8.539,     0.000,     0.000,5,5540,1330,23,728,260,48,1970,12,551,750,180,0.9
1415230707633,T,    96.542,     1.047,     0.783,     0.052,     0.090,    -1.068,     0.000,     1.000,6,5540,1330,23,728,260,48,1970,12,551,750,180,0.9
1415230707784,T,    96.842,     1.175,     0.764,     0.059,     0.125,    -5.046,     0.000,    -1.000,6,5540,1330,23,728,260,48,1970,12,551,750,180,0.9
1415230707940,T,    96.927,     0.765,     0.735,     0.080,     0.057,     6.066,     0.000,     2.000,5,5540,1330,23,728,260,48,1970,12,551,750,180,0.9
1415230708087,T,    97.202,     1.289,     0.734,     0.090,     0.241,   -10.769,     0.000,    -1.000,6,5540,1330,23,728,260,48,1970,12,551,750,180,0.9
1415230708243,T,    96.906,     0.626,     0.776,     0.053,     0.060,     7.929,     0.000,     1.000,6,5540,1330,23,728,260,48,1970,12,551,750,180,0.9
1415230708394,T,    97.166,     1.063,     0.697,     0.062,     0.136,     1.018,     0.000,    -1.000,7,5540,1330,23,728,260,48,1970,12,551,750,180,0.9
1415230708547,T,    96.989,     0.729,     0.800,    -0.000,     0.077,     2.421,     0.000,     0.000,5,5540,1330,23,728,260,48,1970,12,551,750,180,0.9
1415230708698,T,    97.005,     0.731,     0.841,     0.039,     0.067,     4.830,     0.000,     1.000,6,5540,1330,23,728,260,48,1970,12,551,750,180,0.9
1415230708853,T,    97.469,     1.212,     0.847,     0.039,     0.078,     1.818,     0.000,     1.000,6,5540,1330,23,728,260,48,1970,12,551,750,180,0.9
1415230709005,T,    97.733,     0.822,     0.850,    -0.000,     0.097,     3.884,     0.000,     0.000,5,5540,1330,23,728,260,48,1970,12,551,750,180,0.9
1415230709161,T,    97.056,     0.471,     0.889,     0.032,     0.046,    10.041,     0.000,     1.000,7,5540,1330,23,728,260,48,1970,12,551,750,180,0.9
1415230709315,T,    96.871,     1.087,     0.910,     0.075,     0.042,     4.667,     0.000,     3.000,5,5540,1330,23,728,260,48,1970,12,551,750,180,0.9
1415230709463,T,    97.207,     1.037,     0.919,     0.034,     0.080,     2.813,     0.000,     1.000,6,5540,1330,23,728,260,48,1970,12,551,750,180,0.9
1415230709616,T,    98.096,     0.926,     0.931,     0.073,     0.036,     8.756,     0.000,     3.000,5,5540,1330,23,728,260,48,1970,12,551,750,180,0.9
1415230709767,T,    98.606,     0.738,     0.941,     0.025,     0.051,    19.811,     0.000,     1.000,5,5540,1330,23,728,260,48,1970,12,551,750,180,0.9
1415230709923,T,    99.020,     0.385,     1.059,     0.055,     0.014,    17.367,     0.000,     4.000,5,5540,1330,23,728,260,48,1970,12,551,750,180,0.9
1415230710078,T,    99.001,     1.381,     1.282,     0.051,     0.010,    14.573,    -2.000,     4.000,5,5540,1330,23,728,260,48,1970,12,551,750,180,0.9
1415230710229,T,    98.806,     0.786,     0.922,    -0.000,     0.053,    20.194,     0.000,     0.000,6,5540,1330,23,728,260,48,1970,12,551,750,180,0.9
1415230710387,T,    99.118,    -0.535,     0.895,     0.038,     0.000,    31.187,     0.000,     5.000,6,5540,1330,23,728,260,48,1970,12,551,750,180,0.9
1415230710540,T,    99.864,     0.368,     1.098,     0.050,     0.011,    37.717,     0.000,     8.000,6,5540,1330,23,728,260,48,1970,12,551,750,180,0.9
1415230710688,T,   100.300,     3.101,     1.459,     0.028,     0.001,    22.831,     0.000,    10.000,5,5540,1330,23,728,260,48,1970,12,551,750,180,0.9
1415230710844,T,   100.553,     7.369,     1.421,     0.369,     0.146,   -19.788,     0.000,     8.000,6,5540,1330,23,728,260,48,1970,12,551,750,180,0.9
1415230710996,T,   100.317,     6.297,     1.435,     0.190,     0.556,   -16.528,     0.000,    -1.000,7,5540,1330,23,728,260,48,1970,12,551,750,180,0.9
1415230711150,T,   100.428,     2.807,     1.493,    -0.000,     0.141,     2.584,     0.000,     0.000,5,5540,1330,23,728,260,48,1970,12,551,750,180,0.9
1415230711303,T,   100.286,     0.676,     1.566,     0.055,     0.034,    16.860,     0.000,     1.000,5,5540,1330,23,728,260,48,1970,12,551,750,180,0.9
1415230711458,T,   100.339,    -0.078,     1.584,     0.063,     0.000,    31.408,     0.000,     3.000,6,5540,1330,23,728,260,48,1970,12,551,750,180,0.9
1415230711614,T,    99.971,     1.306,     1.632,     0.056,     0.000,    25.023,     0.000,     7.000,6,5540,1330,23,728,260,48,1970,12,551,750,180,0.9
1415230711765,T,    99.344,     3.961,     1.519,     0.083,     0.024,    10.611,     0.000,     8.000,6,5540,1330,23,728,260,48,1970,12,551,750,180,0.9
1415230711916,T,    98.433,     5.851,     1.584,     0.194,     0.301,   -11.443,     0.000,     2.000,6,5540,1330,23,728,260,48,1970,12,551,750,180,0.9
1415230712074,T,    97.988,     3.090,     1.618,     0.075,     0.124,     7.051,     0.000,     1.000,6,5540,1330,23,728,260,48,1970,12,551,750,180,0.9
1415230712224,T,    98.172,     3.307,     1.567,     0.102,     0.073,     2.617,     0.000,     2.000,5,5540,1330,23,728,260,48,1970,12,551,750,180,0.9
1415230712375,T,    97.965,     3.204,     1.584,     0.084,     0.208,    -1.341,     0.000,    -1.000,6,5540,1330,23,728,260,48,1970,12,551,750,180,0.9
1415230712532,T,    97.565,     2.671,     1.625,    -0.000,     0.163,    -6.059,     0.000,     0.000,6,5540,1330,23,728,260,48,1970,12,551,750,180,0.9
1415230712683,T,    97.492,     2.220,     1.567,     0.265,     0.113,    -3.622,    -4.000,     0.000,5,5540,1330,23,728,260,48,1970,12,551,750,180,0.9
1415230712835,T,    97.212,     1.827,     1.511,    -0.000,     0.086,    -1.324,     0.000,     0.000,5,5540,1330,23,728,260,48,1970,12,551,750,180,0.9
1415230712990,T,    97.292,     1.914,     1.493,    -0.000,     0.090,     3.675,     0.000,     0.000,6,5540,1330,23,728,260,48,1970,12,551,750,180,0.9
1415230713141,T,    97.344,     1.664,     1.532,    -0.000,     0.123,     3.764,     0.000,     0.000,5,5540,1330,23,728,260,48,1970,12,551,750,180,0.9
1415230713294,T,    97.223,     1.291,     1.539,     0.665,     0.238,    -9.950,    -4.000,    -3.000,5,5540,1330,23,728,260,48,1970,12,551,750,180,0.9
1415230713448,T,    96.404,     0.058,     1.676,     0.041,     0.014,    16.762,     0.000,     1.000,5,5540,1330,23,728,260,48,1970,12,551,750,180,0.9
1415230713600,T,    96.133,     1.412,     1.617,     0.248,     0.065,     1.351,    -4.000,     3.000,6,5540,1330,23,728,260,48,1970,12,551,750,180,0.9
1415230713757,T,    95.996,     1.209,     1.536,     0.028,     0.046,     9.627,     0.000,     1.000,6,5540,1330,23,728,260,48,1970,12,551,750,180,0.9
1415230713908,T,    96.236,     0.835,     1.496,     0.020,     0.031,    15.364,     0.000,     1.000,5,5540,1330,23,728,260,48,1970,12,551,750,180,0.9
1415230714064,T,    96.535,     0.901,     1.425,     0.032,     0.010,    19.997,     0.000,     3.000,6,5540,1330,23,728,260,48,1970,12,551,750,180,0.9
1415230714215,T,    96.094,     1.159,     1.306,     0.150,     0.149,     6.569,    -2.000,     1.000,6,5540,1330,23,728,260,48,1970,12,551,750,180,0.9
1415230714370,T,    95.184,     0.302,     1.288,     0.079,     0.002,    28.814,     0.000,     4.000,5,5540,1330,23,728,260,48,1970,12,551,750,180,0.9
1415230714526,T,    94.536,     1.437,     1.202,     0.089,     0.002,    22.325,    -4.000,     7.000,5,5540,1330,23,728,260,48,1970,12,551,750,180,0.9
1415230714681,T,    93.840,     4.266,     0.840,     0.063,     0.015,     9.335,     0.000,     8.000,6,5540,1330,23,728,260,48,1970,12,551,750,180,0.9
1415230714832,T,    92.748,     6.529,     0.923,     0.268,     0.279,   -13.191,     0.000,     3.000,6,5540,1330,23,728,260,48,1970,12,551,750,180,0.9
1415230714985,T,    91.764,     3.553,     0.978,    -0.000,     0.143,     5.438,     0.000,     0.000,5,5540,1330,23,728,260,48,1970,12,551,750,180,0.9
1415230715140,T,    91.861,     2.468,     0.979,     0.146,     0.060,     9.894,     0.000,     3.000,6,5540,1330,23,728,260,48,1970,12,551,750,180,0.9
1415230715292,T,    92.007,     3.925,     0.920,     0.155,     0.066,     2.377,     0.000,     4.000,6,5540,1330,23,728,260,48,1970,12,551,750,180,0.9
1415230715448,T,    91.669,     4.773,     0.708,     0.084,     0.222,    -9.698,     0.000,    -1.000,5,5540,1330,23,728,260,48,1970,12,551,750,180,0.9
1415230715599,T,    90.990,     3.060,     0.807,     0.216,     0.246,    -4.303,     0.000,    -2.000,7,5540,1330,23,728,260,48,1970,12,551,750,180,0.9
1415230715755,T,    90.383,     2.480,     0.798,    -0.000,     0.112,    -4.963,     0.000,     0.000,5,5540,1330,23,728,260,48,1970,12,551,750,180,0.9
1415230715907,T,    90.300,     3.196,     0.771,    -0.000,     0.147,   -14.927,     0.000,     0.000,5,5540,1330,23,728,260,48,1970,12,551,750,180,0.9
1415230716061,T,    90.721,     2.945,     0.800,     0.078,     0.162,    -8.507,     0.000,    -1.000,5,5540,1330,23,728,260,48,1970,12,551,750,180,0.9
1415230716210,T,    90.653,     2.070,     0.803,     0.980,     0.356,   -22.080,    -4.000,    -3.000,6,5540,1330,23,728,260,48,1970,12,551,750,180,0.9
1415230716365,T,    90.682,     1.018,     0.853,     0.064,     0.033,     7.439,     0.000,     1.000,5,5540,1330,23,728,260,48,1970,12,551,750,180,0.9
1415230716517,T,    90.954,     1.579,     0.859,     0.668,     0.282,   -15.553,    -4.000,    -2.000,6,5540,1330,23,728,260,48,1970,12,551,750,180,0.9
1415230716672,T,    91.458,     1.367,     0.843,     0.168,     0.043,     3.070,    -2.000,     1.000,6,5540,1330,23,728,260,48,1970,12,551,750,180,0.9
1415230716824,T,    91.768,     2.250,     0.891,    -0.000,     0.221,   -16.973,     0.000,     0.000,6,5540,1330,23,728,260,48,1970,12,551,750,180,0.9
1415230716975,T,    91.702,     1.807,     0.974,     0.793,     0.317,   -18.520,    -4.000,    -2.000,6,5540,1330,23,728,260,48,1970,12,551,750,180,0.9
1415230717126,T,    91.772,     1.140,     0.918,     0.062,     0.038,     4.931,     0.000,     1.000,6,5540,1330,23,728,260,48,1970,12,551,750,180,0.9
1415230717282,T,    91.346,     1.753,     1.012,    -0.000,     0.061,     4.019,     0.000,     0.000,6,5540,1330,23,728,260,48,1970,12,551,750,180,0.9
1415230717434,T,    91.158,     0.798,     1.104,     0.041,     0.081,     8.851,     0.000,    -1.000,6,5540,1330,23,728,260,48,1970,12,551,750,180,0.9
1415230717589,T,    90.833,     1.460,     0.771,     0.291,     0.137,   -14.973,    -4.000,     1.000,5,5540,1330,23,728,260,48,1970,12,551,750,180,0.9
1415230717742,T,    89.991,     1.101,     0.786,     0.030,     0.026,    11.319,     0.000,     1.000,5,5540,1330,23,728,260,48,1970,12,551,750,180,0.9
1415230717901,T,    89.782,     1.238,     0.905,     0.048,     0.041,    10.426,     0.000,     2.000,5,5540,1330,23,728,260,48,1970,12,551,750,180,0.9
1415230718048,T,    90.212,     1.012,     0.941,     0.020,     0.035,    13.292,     0.000,     1.000,6,5540,1330,23,728,260,48,1970,12,551,750,180,0.9
1415230718205,T,    90.700,     1.619,     0.912,    -0.000,     0.073,     0.444,     0.000,     0.000,6,5540,1330,23,728,260,48,1970,12,551,750,180,0.9
1415230718360,T,    90.331,     0.916,     0.993,     0.045,     0.012,    18.333,     0.000,     3.000,6,5540,1330,23,728,260,48,1970,12,551,750,180,0.9
1415230718510,T,    89.936,     1.115,     1.019,     0.034,     0.090,     8.819,     0.000,     1.000,6,5540,1330,23,728,260,48,1970,12,551,750,180,0.9
1415230718668,T,    90.009,     0.869,     0.832,     0.053,     0.001,    22.856,     0.000,     4.000,5,5540,1330,23,728,260,48,1970,12,551,750,180,0.9
1415230718819,T,    89.912,     1.197,     0.780,     0.058,     0.047,    13.483,     0.000,     3.000,5,5540,1330,23,728,260,48,1970,12,551,750,180,0.9
1415230718974,T,    89.090,     1.154,     0.823,     0.185,     0.176,     2.791,    -2.000,     1.000,7,5540,1330,23,728,260,48,1970,12,551,750,180,0.9
1415230719129,T,    88.015,     0.819,     0.686,     0.094,     0.000,    26.831,     0.000,     4.000,6,5540,1330,23,728,260,48,1970,12,551,750,180,0.9
1415230719281,T,    87.047,     1.675,     0.607,     0.328,     0.103,     6.453,    -4.000,     4.000,6,5540,1330,23,728,260,48,1970,12,551,750,180,0.9
1415230719433,T,    86.003,     0.547,     0.585,     0.036,     0.008,    32.556,     0.000,     2.000,6,5540,1330,23,728,260,48,1970,12,551,750,180,0.9
1415230719589,T,    85.311,     1.442,     0.514,     0.064,     0.001,    25.240,    -2.000,     7.000,5,5540,1330,23,728,260,48,1970,12,551,750,180,0.9
1415230719736,T,    84.500,     5.368,     0.402,     0.111,     0.036,     0.302,     0.000,     8.000,6,5540,1330,23,728,260,48,1970,12,551,750,180,0.9
1415230719890,T,    83.378,     7.077,     0.163,    -0.000,     0.471,   -25.949,     0.000,     0.000,6,5540,1330,23,728,260,48,1970,12,551,750,180,0.9
1415230720044,T,    83.247,     5.448,     0.178,     0.378,     0.425,   -25.229,     0.000,    -2.000,6,5540,1330,23,728,260,48,1970,12,551,750,180,0.9
1415230720195,T,    82.776,     3.743,     0.256,     0.936,     0.372,   -20.617,     0.000,    -5.000,6,5540,1330,23,728,260,48,1970,12,551,750,180,0.9
1415230720346,T,    82.362,     0.949,     0.427,     1.348,     0.392,   -16.390,     0.000,    -7.000,6,5540,1330,23,728,260,48,1970,12,551,750,180,0.9
1415230720502,T,    82.248,    -1.304,     0.497,     0.078,     0.015,    11.421,     0.000,    -1.000,6,5540,1330,23,728,260,48,1970,12,551,750,180,0.9
1415230720654,T,    82.313,     1.643,     0.444,     0.266,     0.075,   -10.503,    -4.000,    -1.000,5,5540,1330,23,728,260,48,1970,12,551,750,180,0.9
1415230720809,T,    82.402,     1.482,     0.457,     0.873,     0.287,   -22.560,    -4.000,    -4.000,5,5540,1330,23,728,260,48,1970,12,551,750,180,0.9
1415230720960,T,    82.220,     0.528,     0.493,     0.058,     0.051,     3.062,     0.000,    -1.000,5,5540,1330,23,728,260,48,1970,12,551,750,180,0.9
1415230721119,T,    82.343,     1.267,     0.902,     0.973,     0.323,   -22.466,    -4.000,    -4.000,6,5540,1330,23,728,260,48,1970,12,551,750,180,0.9
1415230721275,T,    82.563,     0.330,     0.773,     0.141,     0.078,    -2.903,     0.000,    -2.000,6,5540,1330,23,728,260,48,1970,12,551,750,180,0.9
1415230721424,T,    82.856,     0.923,     0.808,    -0.000,     0.035,     0.434,     0.000,     0.000,5,5540,1330,23,728,260,48,1970,12,551,750,180,0.9
1415230721579,T,    82.325,     0.771,     0.835,     0.098,     0.112,    -1.840,     0.000,    -2.000,5,5540,1330,23,728,260,48,1970,12,551,750,180,0.9
1415230721733,T,    81.580,     0.035,     0.922,     0.027,     0.026,     6.394,     0.000,     1.000,6,5540,1330,23,728,260,48,1970,12,551,750,180,0.9
1415230721888,T,    80.871,     1.519,     0.833,    -0.000,     0.068,    -5.128,     0.000,     0.000,5,5540,1330,23,728,260,48,1970,12,551,750,180,0.9
1415230722038,T,    80.432,     1.539,     0.679,    -0.000,     0.109,    -8.789,     0.000,     0.000,5,5540,1330,23,728,260,48,1970,12,551,750,180,0.9
1415230722192,T,    80.113,     0.992,     0.772,    -0.000,     0.052,    -1.584,     0.000,     0.000,5,5540,1330,23,728,260,48,1970,12,551,750,180,0.9
1415230722345,T,    79.609,     1.492,     0.722,     0.126,     0.061,    -3.981,    -4.000,     0.000,5,5540,1330,23,728,260,48,1970,12,551,750,180,0.9
1415230722497,T,    79.753,     1.678,     0.724,     0.072,     0.195,   -23.378,     0.000,    -1.000,5,5540,1330,23,728,260,48,1970,12,551,750,180,0.9
1415230722648,T,    79.673,     1.376,     0.786,    -0.000,     0.064,     2.038,     0.000,     0.000,5,5540,1330,23,728,260,48,1970,12,551,750,180,0.9
1415230722805,T,    79.565,     1.259,     0.842,     0.752,     0.289,   -21.734,    -4.000,    -3.000,5,5540,1330,23,728,260,48,1970,12,551,750,180,0.9
1415230722956,T,    78.519,    -0.036,     1.065,    -0.000,     0.034,     5.784,     0.000,     0.000,6,5540,1330,23,728,260,48,1970,12,551,750,180,0.9
1415230723111,T,    78.230,     0.696,     1.061,     0.035,     0.049,     4.477,     0.000,     1.000,7,5540,1330,23,728,260,48,1970,12,551,750,180,0.9
1415230723262,T,    77.995,     1.248,     1.040,     0.108,     0.132,    -8.922,     0.000,    -2.000,6,5540,1330,23,728,260,48,1970,12,551,750,180,0.9
1415230723414,T,    77.530,     0.963,     0.987,    -0.000,     0.060,     0.017,     0.000,     0.000,5,5540,1330,23,728,260,48,1970,12,551,750,180,0.9
1415230723570,T,    77.389,     0.892,     0.977,     0.033,     0.058,     3.780,     0.000,     1.000,6,5540,1330,23,728,260,48,1970,12,551,750,180,0.9
1415230723724,T,    77.208,     1.163,     1.096,     0.107,     0.133,    -4.857,     0.000,    -2.000,6,5540,1330,23,728,260,48,1970,12,551,750,180,0.9
1415230723877,T,    76.953,     0.828,     1.152,     0.046,     0.082,    -5.801,     0.000,    -1.000,6,5540,1330,23,728,260,48,1970,12,551,750,180,0.9
1415230724028,T,    77.232,     1.080,     1.137,     0.038,     0.066,    -5.341,     0.000,    -1.000,5,5540,1330,23,728,260,48,1970,12,551,750,180,0.9
1415230724179,T,    76.638,     0.942,     1.108,     0.026,     0.038,     2.152,     0.000,     1.000,5,5540,1330,23,728,260,48,1970,12,551,750,180,0.9
1415230724337,T,    76.856,     1.158,     1.123,     0.027,     0.054,     5.602,     0.000,     1.000,6,5540,1330,23,728,260,48,1970,12,551,750,180,0.9
1415230724487,T,    76.749,     1.094,     1.158,     0.032,     0.071,     1.294,     0.000,     1.000,6,5540,1330,23,728,260,48,1970,12,551,750,180,0.9
1415230724639,T,    76.554,     0.855,     1.181,     0.028,     0.050,     5.696,     0.000,     1.000,6,5540,1330,23,728,260,48,1970,12,551,750,180,0.9
1415230724795,T,    76.752,     1.045,     1.268,    -0.000,     0.062,    -5.272,     0.000,     0.000,5,5540,1330,23,728,260,48,1970,12,551,750,180,0.9
1415230724947,T,    76.633,     0.947,     1.287,     0.051,     0.130,    -8.327,     0.000,    -1.000,7,5540,1330,23,728,260,48,1970,12,551,750,180,0.9
1415230725098,T,    76.630,     0.831,     1.319,    -0.000,     0.053,     3.498,     0.000,     0.000,5,5540,1330,23,728,260,48,1970,12,551,750,180,0.9
1415230725252,T,    76.383,     0.797,     1.292,    -0.000,     0.051,     5.349,     0.000,     0.000,5,5540,1330,23,728,260,48,1970,12,551,750,180,0.9
1415230725405,T,    75.856,     0.895,     1.304,     0.030,     0.062,     6.359,     0.000,     1.000,6,5540,1330,23,728,260,48,1970,12,551,750,180,0.9
1415230725556,T,    75.596,     0.841,     1.326,    -0.000,     0.037,     5.081,     0.000,     0.000,5,5540,1330,23,728,260,48,1970,12,551,750,180,0.9
1415230725709,T,    75.289,     1.069,     1.201,     0.025,     0.052,     5.771,     0.000,     1.000,6,5540,1330,23,728,260,48,1970,12,551,750,180,0.9
1415230725863,T,    75.003,     0.613,     1.038,     0.028,     0.060,     2.302,     0.000,     1.000,6,5540,1330,23,728,260,48,1970,12,551,750,180,0.9
1415230726015,T,    74.140,     0.842,     1.034,     0.035,     0.023,     7.441,     0.000,     2.000,5,5540,1330,23,728,260,48,1970,12,551,750,180,0.9
1415230726173,T,    73.744,     1.215,     1.013,     0.082,     0.111,     4.122,    -2.000,     0.000,6,5540,1330,23,728,260,48,1970,12,551,750,180,0.9
1415230726322,T,    73.336,    -0.087,     0.949,     0.036,     0.007,    19.267,     0.000,     2.000,5,5540,1330,23,728,260,48,1970,12,551,750,180,0.9
1415230726470,T,    72.968,     0.733,     1.032,     0.036,     0.001,    20.064,     0.000,     5.000,6,5540,1330,23,728,260,48,1970,12,551,750,180,0.9
1415230726626,T,    72.565,     1.250,     0.811,     0.057,     0.175,    -3.915,     0.000,     1.000,6,5540,1330,23,728,260,48,1970,12,551,750,180,0.9
1415230726777,T,    72.346,    -1.231,     0.863,     0.089,     0.002,    35.204,     0.000,     4.000,6,5540,1330,23,728,260,48,1970,12,551,750,180,0.9
1415230726932,T,    72.098,    -0.192,     1.243,     0.164,     0.039,    42.135,     0.000,     8.000,5,5540,1330,23,728,260,48,1970,12,551,750,180,0.9
1415230727079,T,    71.698,     3.297,     1.297,     0.081,     0.001,    22.233,     0.000,    10.000,6,5540,1330,23,728,260,48,1970,12,551,750,180,0.9
1415230727236,T,    70.705,     7.052,     0.967,     0.314,     0.194,   -10.010,     0.000,     5.000,6,5540,1330,23,728,260,48,1970,12,551,750,180,0.9
1415230727387,T,    69.801,     4.964,     1.101,    -0.000,     0.271,   -12.129,     0.000,     0.000,5,5540,1330,23,728,260,48,1970,12,551,750,180,0.9
1415230727538,T,    70.249,     3.204,     1.082,     0.093,     0.169,    -2.550,     0.000,    -1.000,6,5540,1330,23,728,260,48,1970,12,551,750,180,0.9
1415230727690,T,    70.386,     2.543,     1.131,    -0.000,     0.108,    -0.789,     0.000,     0.000,6,5540,1330,23,728,260,48,1970,12,551,750,180,0.9
1415230727846,T,    70.471,     1.505,     1.198,    -0.000,     0.086,     2.075,     0.000,     0.000,7,5540,1330,23,728,260,48,1970,12,551,750,180,0.9
1415230727997,T,    71.045,     1.726,     1.133,     0.192,     0.059,     5.883,    -4.000,     1.000,6,5540,1330,23,728,260,48,1970,12,551,750,180,0.9
1415230728150,T,    70.961,     1.905,     1.134,    -0.000,     0.062,    -1.174,     0.000,     0.000,5,5540,1330,23,728,260,48,1970,12,551,750,180,0.9
1415230728301,T,    71.162,     1.626,     1.183,     0.319,     0.165,    -9.589,    -4.000,    -1.000,5,5540,1330,23,728,260,48,1970,12,551,750,180,0.9
1415230728452,T,    70.827,     0.969,     1.290,     0.029,     0.015,    13.089,     0.000,     1.000,5,5540,1330,23,728,260,48,1970,12,551,750,180,0.9
1415230728603,T,    71.046,     1.511,     1.220,     0.121,     0.062,     7.437,    -4.000,     0.000,5,5540,1330,23,728,260,48,1970,12,551,750,180,0.9
1415230728756,T,    70.844,     1.146,     1.239,    -0.000,     0.030,    11.324,     0.000,     0.000,5,5540,1330,23,728,260,48,1970,12,551,750,180,0.9
1415230728911,T,    71.456,     1.365,     1.215,     0.057,     0.159,    -4.977,     0.000,     1.000,6,5540,1330,23,728,260,48,1970,12,551,750,180,0.9
1415230729062,T,    71.444,     1.326,     1.225,     0.113,     0.021,    12.471,    -2.000,     2.000,5,5540,1330,23,728,260,48,1970,12,551,750,180,0.9
1415230729220,T,    71.483,     1.536,     1.207,    -0.000,     0.076,    -2.703,     0.000,     0.000,5,5540,1330,23,728,260,48,1970,12,551,750,180,0.9
1415230729369,T,    70.888,     1.151,     1.171,     0.060,     0.022,     9.722,     0.000,     3.000,6,5540,1330,23,728,260,48,1970,12,551,750,180,0.9
1415230729524,T,    70.868,     1.413,     1.148,     0.044,     0.119,    -0.284,     0.000,     1.000,5,5540,1330,23,728,260,48,1970,12,551,750,180,0.9
1415230729673,T,    71.025,     1.528,     1.122,     0.049,     0.104,    -5.977,     0.000,     1.000,5,5540,1330,23,728,260,48,1970,12,551,750,180,0.9
1415230729828,T,    71.173,     1.556,     1.000,     0.064,     0.147,    -7.012,     0.000,     1.000,6,5540,1330,23,728,260,48,1970,12,551,750,180,0.9
1415230729979,T,    71.209,     1.714,     0.954,    -0.000,     0.061,     2.016,     0.000,     0.000,5,5540,1330,23,728,260,48,1970,12,551,750,180,0.9
1415230730131,T,    71.567,     1.943,     0.871,    -0.000,     0.157,    -9.430,     0.000,     0.000,6,5540,1330,23,728,260,48,1970,12,551,750,180,0.9
1415230730283,T,    71.622,     0.916,     0.874,     0.049,     0.077,     7.646,     0.000,    -1.000,5,5540,1330,23,728,260,48,1970,12,551,750,180,0.9
1415230730434,T,    71.740,     2.020,     0.921,     0.220,     0.118,    -5.484,    -4.000,     0.000,6,5540,1330,23,728,260,48,1970,12,551,750,180,0.9
1415230730590,T,    71.441,     1.180,     1.032,     0.610,     0.261,   -15.728,    -2.000,    -4.000,5,5540,1330,23,728,260,48,1970,12,551,750,180,0.9
1415230730741,T,    71.281,     0.492,     1.130,     0.046,     0.025,    10.038,     0.000,     1.000,7,5540,1330,23,728,260,48,1970,12,551,750,180,0.9
1415230730893,T,    71.735,     1.843,     1.127,     0.280,     0.124,    -9.068,    -4.000,    -1.000,5,5540,1330,23,728,260,48,1970,12,551,750,180,0.9
1415230731049,T,    71.663,     1.161,     1.122,     0.036,     0.048,    -1.883,     0.000,    -1.000,5,5540,1330,23,728,260,48,1970,12,551,750,180,0.9
1415230731201,T,    71.615,     1.141,     1.080,    -0.000,     0.040,     4.666,     0.000,     0.000,5,5540,1330,23,728,260,48,1970,12,551,750,180,0.9
1415230731351,T,    71.993,     1.409,     1.040,     0.634,     0.261,   -19.585,    -4.000,    -3.000,5,5540,1330,23,728,260,48,1970,12,551,750,180,0.9
1415230731508,T,    72.363,     0.812,     1.061,    -0.000,     0.030,     7.476,     0.000,     0.000,5,5540,1330,23,728,260,48,1970,12,551,750,180,0.9
1415230731658,T,    72.268,     1.283,     1.004,     0.557,     0.246,   -19.383,    -4.000,    -2.000,5,5540,1330,23,728,260,48,1970,12,551,750,180,0.9
1415230731814,T,    72.428,     0.622,     0.926,    -0.000,     0.043,     5.239,     0.000,     0.000,7,5540,1330,23,728,260,48,1970,12,551,750,180,0.9
1415230731970,T,    72.758,     1.128,     0.980,    -0.000,     0.043,     6.954,     0.000,     0.000,5,5540,1330,23,728,260,48,1970,12,551,750,180,0.9
1415230732118,T,    73.045,     1.193,     1.025,     0.212,     0.189,   -15.776,     0.000,    -3.000,5,5540,1330,23,728,260,48,1970,12,551,750,180,0.9
1415230732269,T,    73.659,     0.599,     0.994,     0.036,     0.028,     6.145,     0.000,     1.000,5,5540,1330,23,728,260,48,1970,12,551,750,180,0.9
1415230732424,T,    74.084,     1.242,     1.099,    -0.000,     0.094,    -2.664,     0.000,     0.000,5,5540,1330,23,728,260,48,1970,12,551,750,180,0.9
1415230732573,T,    73.772,     1.458,     1.146,     0.048,     0.101,    -5.763,     0.000,    -1.000,5,5540,1330,23,728,260,48,1970,12,551,750,180,0.9
1415230732731,T,    74.085,     1.282,     1.097,     0.034,     0.052,     0.442,     0.000,     1.000,5,5540,1330,23,728,260,48,1970,12,551,750,180,0.9
1415230732879,T,    74.184,     1.556,     1.011,     0.361,     0.191,   -19.942,    -4.000,    -1.000,5,5540,1330,23,728,260,48,1970,12,551,750,180,0.9
1415230733035,T,    74.399,     0.646,     1.162,     0.035,     0.023,    11.580,     0.000,     1.000,5,5540,1330,23,728,260,48,1970,12,551,750,180,0.9
1415230733186,T,    74.762,     0.982,     1.295,     0.023,     0.032,    11.170,     0.000,     1.000,6,5540,1330,23,728,260,48,1970,12,551,750,180,0.9
1415230733338,T,    75.224,     1.507,     1.247,     0.037,     0.090,     4.207,     0.000,     1.000,6,5540,1330,23,728,260,48,1970,12,551,750,180,0.9
1415230733494,T,    75.321,     0.738,     1.233,     0.028,     0.044,    12.319,     0.000,     1.000,6,5540,1330,23,728,260,48,1970,12,551,750,180,0.9
1415230733645,T,    75.074,     1.438,     1.212,     0.074,     0.206,   -18.512,     0.000,     1.000,6,5540,1330,23,728,260,48,1970,12,551,750,180,0.9
1415230733797,T,    75.333,     1.105,     1.127,     0.076,     0.031,     8.382,     0.000,     2.000,5,5540,1330,23,728,260,48,1970,12,551,750,180,0.9
1415230733953,T,    75.335,     1.306,     1.192,     0.223,     0.098,     0.871,    -4.000,    -1.000,6,5540,1330,23,728,260,48,1970,12,551,750,180,0.9
1415230734105,T,    75.477,     1.376,     1.190,     0.037,     0.065,    -1.354,     0.000,     1.000,5,5540,1330,23,728,260,48,1970,12,551,750,180,0.9
1415230734255,T,    75.569,     1.340,     1.189,     0.181,     0.100,    -2.913,    -4.000,     0.000,6,5540,1330,23,728,260,48,1970,12,551,750,180,0.9
1415230734412,T,    76.047,     1.006,     1.066,     0.025,     0.026,     9.574,     0.000,     1.000,6,5540,1330,23,728,260,48,1970,12,551,750,180,0.9
1415230734567,T,    76.335,     1.037,     1.030,     0.021,     0.038,    11.648,     0.000,     1.000,5,5540,1330,23,728,260,48,1970,12,551,750,180,0.9
1415230734718,T,    76.574,     1.471,     1.063,     0.131,     0.079,     2.174,    -4.000,     0.000,6,5540,1330,23,728,260,48,1970,12,551,750,180,0.9
1415230734874,T,    75.717,     0.934,     1.025,     0.025,     0.041,     7.242,     0.000,     1.000,5,5540,1330,23,728,260,48,1970,12,551,750,180,0.9
1415230735026,T,    75.783,     1.406,     1.035,    -0.000,     0.194,   -12.903,     0.000,     0.000,6,5540,1330,23,728,260,48,1970,12,551,750,180,0.9
1415230735176,T,    75.500,     1.309,     1.022,     0.042,     0.049,     2.369,     0.000,     1.000,5,5540,1330,23,728,260,48,1970,12,551,750,180,0.9
1415230735335,T,    75.586,     1.496,     1.014,     0.038,     0.073,     0.226,     0.000,     1.000,5,5540,1330,23,728,260,48,1970,12,551,750,180,0.9
1415230735480,T,    75.553,     1.197,     1.004,     0.252,     0.224,   -15.938,    -2.000,    -1.000,5,5540,1330,23,728,260,48,1970,12,551,750,180,0.9
1415230735635,T,    75.448,     0.808,     0.920,     0.044,     0.038,     8.354,     0.000,     1.000,6,5540,1330,23,728,260,48,1970,12,551,750,180,0.9
1415230735788,T,    75.746,     1.086,     1.073,     0.042,     0.080,     0.467,     0.000,    -1.000,5,5540,1330,23,728,260,48,1970,12,551,750,180,0.9
1415230735939,T,    75.519,     0.933,     1.045,     0.045,     0.093,    -0.011,     0.000,    -1.000,5,5540,1330,23,728,260,48,1970,12,551,750,180,0.9
1415230736095,T,    75.617,     1.318,     1.057,     0.077,     0.069,    -1.811,    -2.000,     0.000,5,5540,1330,23,728,260,48,1970,12,551,750,180,0.9
1415230736407,T,    75.590,     1.141,     1.096,    -0.000,     0.051,     2.207,     0.000,     0.000,6,5540,1330,23,728,260,48,1970,12,551,750,180,0.9
1415230736412,T,    75.615,     0.735,     1.123,     0.041,     0.094,     2.065,     0.000,    -1.000,5,5540,1330,23,728,260,48,1970,12,551,750,180,0.9
1415230736553,T,    75.515,     1.200,     0.994,     0.041,     0.083,    -6.724,     0.000,     1.000,6,5540,1330,23,728,260,48,1970,12,551,750,180,0.9
1415230736705,T,    75.357,     1.695,     0.993,    -0.000,     0.103,   -12.376,     0.000,     0.000,6,5540,1330,23,728,260,48,1970,12,551,750,180,0.9
1415230736861,T,    75.318,     1.441,     1.019,    -0.000,     0.305,   -25.742,     0.000,     0.000,6,5540,1330,23,728,260,48,1970,12,551,750,180,0.9
1415230737012,T,    75.138,     1.137,     0.949,    -0.000,     0.124,    -5.228,     0.000,     0.000,7,5540,1330,23,728,260,48,1970,12,551,750,180,0.9
1415230737171,T,    75.325,     1.352,     0.871,     0.259,     0.067,    -1.010,    -4.000,    -1.000,5,5540,1330,23,728,260,48,1970,12,551,750,180,0.9
1415230737320,T,    75.378,     1.211,     0.855,     0.113,     0.119,    -7.568,     0.000,    -2.000,6,5540,1330,23,728,260,48,1970,12,551,750,180,0.9
1415230737478,T,    75.131,     0.980,     0.791,     0.045,     0.077,     1.049,     0.000,    -1.000,6,5540,1330,23,728,260,48,1970,12,551,750,180,0.9
1415230737628,T,    74.319,     1.473,     0.724,     0.916,     0.314,   -28.411,    -4.000,    -4.000,5,5540,1330,23,728,260,48,1970,12,551,750,180,0.9
1415230737782,T,    72.698,    -0.635,     0.654,     0.677,     0.224,    -7.737,     0.000,    -6.000,7,5540,1330,23,728,260,48,1970,12,551,750,180,0.9
1415230737934,T,    71.647,    -2.114,     0.817,     0.047,     0.013,     3.945,     0.000,    -1.000,5,5540,1330,23,728,260,48,1970,12,551,750,180,0.9
1415230738086,T,    70.894,     0.315,     0.771,     0.162,     0.116,   -10.763,     0.000,    -3.000,6,5540,1330,23,728,260,48,1970,12,551,750,180,0.9
1415230738241,T,    69.471,    -0.107,     0.731,     0.546,     0.228,   -17.145,     0.000,    -6.000,6,5540,1330,23,728,260,48,1970,12,551,750,180,0.9
1415230738397,T,    67.062,    -2.724,     0.711,     0.607,     0.133,    -3.494,     0.000,    -8.000,5,5540,1330,23,728,260,48,1970,12,551,750,180,0.9
1415230738548,T,    62.934,    -3.668,     0.622,     0.244,     0.038,    -2.039,     0.000,    -6.000,6,5540,1330,23,728,260,48,1970,12,551,750,180,0.9
1415230738705,T,    58.414,    -2.487,     0.546,     0.463,     0.137,   -15.472,     0.000,    -8.000,5,5540,1330,23,728,260,48,1970,12,551,750,180,0.9
1415230738856,T,    53.027,    -3.302,     0.182,     1.051,     0.238,   -20.168,     0.000,   -11.000,6,5540,1330,23,728,260,48,1970,12,551,750,180,0.9
1415230739011,T,    46.761,    -6.084,    -0.052,     0.634,     0.087,   100.000,     0.000,   -10.000,6,5540,1330,23,728,260,48,1970,12,551,750,180,0.9
1415230739163,T,    41.696,    -2.069,     0.061,     1.048,     0.299,   -34.575,     0.000,    -9.000,6,5540,1330,23,728,260,48,1970,12,551,750,180,0.9
1415230739318,T,    36.497,    -4.206,    -0.024,     1.915,     0.299,   -21.457,     0.000,   -14.000,6,5540,1330,23,728,260,48,1970,12,551,750,180,0.9
1415230739476,T,    31.101,    -6.404,     0.189,     0.348,     0.018,   100.000,     0.000,    -6.000,5,5540,1330,23,728,260,48,1970,12,551,750,180,0.9
1415230739625,T,    24.485,    -2.221,     0.332,     0.695,     0.209,   -31.283,     0.000,    -8.000,6,5540,1330,23,728,260,48,1970,12,551,750,180,0.9
1415230739781,T,    14.740,    -3.799,     0.319,     1.818,     0.313,   -29.242,     0.000,   -14.000,5,5540,1330,23,728,260,48,1970,12,551,750,180,0.9
1415230739933,T,     2.075,    -6.168,     0.480,     0.642,     0.047,  -100.000,     0.000,   -10.000,5,5540,1330,23,728,260,48,1970,12,551,750,180,0.9
1415230740088,T,    -5.836,    -7.718,     0.967,     0.032,     0.025,   100.000,     0.000,    -1.000,7,5540,1330,23,728,260,48,1970,12,551,750,180,0.9
1415230740240,T,    -8.555,    -3.505,     1.025,     0.014,     0.007,    -3.344,     0.000,    -1.000,6,5540,1330,23,728,260,48,1970,12,551,750,180,0.9
1415230740396,T,   -10.052,    -2.783,     0.991,     0.138,     0.094,    -7.221,     0.000,    -4.000,5,5540,1330,23,728,260,48,1970,12,551,750,180,0.9
1415230740548,T,   -10.561,    -4.897,     1.017,    -0.000,     0.000,    21.473,     0.000,     0.000,5,5540,1330,23,728,260,48,1970,12,551,750,180,0.9
1415230740703,T,   -10.335,    -5.568,     0.995,     0.051,     0.038,    40.877,     0.000,     3.000,6,5540,1330,23,728,260,48,1970,12,551,750,180,0.9
1415230740855,T,    -9.748,    -5.284,     1.132,     0.395,     0.139,    53.413,     0.000,     8.000,7,5540,1330,23,728,260,48,1970,12,551,750,180,0.9
1415230741010,T,    -9.167,    -3.913,     1.744,     1.239,     0.247,    66.382,     0.000,    13.000,6,5540,1330,23,728,260,48,1970,12,551,750,180,0.9
1415230741158,T,    -9.520,    -1.387,     2.143,     1.666,     0.199,    63.750,     0.000,    17.000,5,5540,1330,23,728,260,48,1970,12,551,750,180,0.9
1415230741308,T,   -10.134,     3.082,     2.147,     1.154,     0.075,    42.320,     0.000,    19.000,5,5540,1330,23,728,260,48,1970,12,551,750,180,0.9
1415230741465,T,   -11.133,     8.739,     2.835,     0.583,     0.043,    -9.587,     0.000,    16.000,6,5540,1330,23,728,260,48,1970,12,551,750,180,0.9
1415230741611,T,   -12.728,     8.938,     2.691,     0.700,     0.710,    13.849,     0.000,     3.000,6,5540,1330,23,728,260,48,1970,12,551,750,180,0.9
1415230741766,T,   -13.750,     3.117,     2.565,    -0.000,     0.281,     8.256,     0.000,     0.000,6,5540,1330,23,728,260,48,1970,12,551,750,180,0.9
1415230741920,T,   -13.535,    -2.108,     2.379,     0.349,     0.009,    52.159,     0.000,     5.000,6,5540,1330,23,728,260,48,1970,12,551,750,180,0.9
1415230742075,T,   -13.802,    -3.130,     1.749,     0.904,     0.180,    78.139,     0.000,    11.000,5,5540,1330,23,728,260,48,1970,12,551,750,180,0.9
1415230742226,T,   -14.795,    -0.002,     1.304,     1.691,     0.202,    65.168,     0.000,    18.000,5,5540,1330,23,728,260,48,1970,12,551,750,180,0.9
1415230742377,T,   -14.754,    11.311,     1.678,     1.328,     0.170,  -100.000,     0.000,    15.000,6,5540,1330,23,728,260,48,1970,12,551,750,180,0.9
1415230742535,T,   -14.566,    10.557,     1.799,     2.466,     1.487,  -100.000,     0.000,    -5.000,6,5540,1330,23,728,260,48,1970,12,551,750,180,0.9
1415230742685,T,   -15.124,     7.457,     1.708,     4.601,     1.251,   -60.218,     0.000,    -8.000,6,5540,1330,23,728,260,48,1970,12,551,750,180,0.9
1415230742840,T,   -15.347,     4.576,     1.677,     6.976,     1.026,   -62.523,     0.000,   -13.000,5,5540,1330,23,728,260,48,1970,12,551,750,180,0.9
1415230742993,T,   -15.678,    -0.740,     1.770,     6.040,     0.640,   -35.831,     0.000,   -15.000,5,5540,1330,23,728,260,48,1970,12,551,750,180,0.9
1415230743148,T,   -15.404,    -5.853,     2.094,     1.962,     0.079,   100.000,     0.000,   -11.000,6,5540,1330,23,728,260,48,1970,12,551,750,180,0.9
1415230743299,T,   -14.590,    -1.862,     1.988,     0.265,     0.065,    -8.377,     0.000,    -3.000,6,5540,1330,23,728,260,48,1970,12,551,750,180,0.9
1415230743456,T,   -13.465,    -1.354,     1.965,     0.446,     0.180,    -6.029,     0.000,    -5.000,7,5540,1330,23,728,260,48,1970,12,551,750,180,0.9
1415230743602,T,   -12.199,    -1.830,     2.060,     0.042,     0.026,    10.912,     0.000,    -1.000,6,5540,1330,23,728,260,48,1970,12,551,750,180,0.9
1415230743760,T,   -11.923,    -0.059,     1.934,     0.130,     0.158,    -4.555,     0.000,    -2.000,7,5540,1330,23,728,260,48,1970,12,551,750,180,0.9
1415230743909,T,   -11.992,    -1.310,     1.939,     0.040,     0.050,    11.165,     0.000,    -1.000,6,5540,1330,23,728,260,48,1970,12,551,750,180,0.9
1415230744062,T,   -12.022,     0.153,     1.930,     0.040,     0.081,    -5.103,     0.000,    -1.000,5,5540,1330,23,728,260,48,1970,12,551,750,180,0.9
1415230744212,T,   -12.144,     0.214,     1.940,     0.106,     0.121,    -6.822,     0.000,    -2.000,6,5540,1330,23,728,260,48,1970,12,551,750,180,0.9
1415230744369,T,   -12.239,     0.100,     1.917,    -0.000,     0.080,     0.757,     0.000,     0.000,5,5540,1330,23,728,260,48,1970,12,551,750,180,0.9
1415230744521,T,   -12.102,    -0.211,     1.875,    -0.000,     0.080,     1.960,     0.000,     0.000,7,5540,1330,23,728,260,48,1970,12,551,750,180,0.9
1415230744672,T,   -12.021,    -0.094,     1.899,     0.051,     0.030,     8.798,     0.000,     2.000,5,5540,1330,23,728,260,48,1970,12,551,750,180,0.9
1415230744822,T,   -12.112,     1.431,     1.622,     0.230,     0.118,   -12.200,    -4.000,     1.000,5,5540,1330,23,728,260,48,1970,12,551,750,180,0.9
1415230744980,T,   -12.300,     0.411,     1.645,     0.062,     0.043,     5.728,     0.000,     2.000,5,5540,1330,23,728,260,48,1970,12,551,750,180,0.9
1415230745131,T,   -11.870,     1.555,     1.631,     0.202,     0.288,   -26.916,     0.000,     2.000,6,5540,1330,23,728,260,48,1970,12,551,750,180,0.9
1415230745282,T,   -11.860,     0.286,     1.610,     0.101,     0.038,     5.838,     0.000,     2.000,5,5540,1330,23,728,260,48,1970,12,551,750,180,0.9
1415230745438,T,   -11.911,     1.543,     1.647,     0.266,     0.153,    -8.820,    -4.000,     0.000,5,5540,1330,23,728,260,48,1970,12,551,750,180,0.9
1415230745595,T,   -11.798,     0.477,     1.574,     0.097,     0.075,     5.875,     0.000,     2.000,6,5540,1330,23,728,260,48,1970,12,551,750,180,0.9
1415230745745,T,   -11.451,     1.183,     1.522,     0.097,     0.044,     1.591,     0.000,     3.000,5,5540,1330,23,728,260,48,1970,12,551,750,180,0.9
1415230745897,T,   -11.302,     0.830,     1.415,     0.045,     0.105,    -0.369,     0.000,    -1.000,5,5540,1330,23,728,260,48,1970,12,551,750,180,0.9
1415230746052,T,   -11.425,     0.240,     1.531,     0.029,     0.040,     6.776,     0.000,     1.000,6,5540,1330,23,728,260,48,1970,12,551,750,180,0.9
1415230746204,T,   -11.526,     1.404,     1.434,     0.280,     0.093,    -5.005,    -4.000,     3.000,6,5540,1330,23,728,260,48,1970,12,551,750,180,0.9
1415230746359,T,   -11.632,     0.425,     1.568,     0.072,     0.067,     5.150,     0.000,     2.000,6,5540,1330,23,728,260,48,1970,12,551,750,180,0.9
1415230746510,T,   -11.878,     0.761,     1.505,     0.070,     0.032,     9.206,     0.000,     3.000,6,5540,1330,23,728,260,48,1970,12,551,750,180,0.9
1415230746662,T,   -12.545,     0.715,     1.514,    -0.000,     0.094,     6.852,     0.000,     0.000,5,5540,1330,23,728,260,48,1970,12,551,750,180,0.9
1415230746814,T,   -12.931,    -0.440,     1.473,     0.049,     0.006,    20.992,     0.000,     3.000,5,5540,1330,23,728,260,48,1970,12,551,750,180,0.9
1415230746966,T,   -14.021,     0.709,     1.366,     0.043,     0.003,    20.549,     0.000,     6.000,6,5540,1330,23,728,260,48,1970,12,551,750,180,0.9
1415230747121,T,   -15.743,     0.981,     1.422,     0.056,     0.051,    14.371,     0.000,     3.000,6,5540,1330,23,728,260,48,1970,12,551,750,180,0.9
1415230747273,T,   -18.570,     1.425,     1.397,     0.038,     0.099,    -0.215,     0.000,    -1.000,4,5540,1330,23,728,260,48,1970,12,551,750,180,0.9
1415230747425,T,   -19.281,     0.910,     1.461,     0.103,     0.120,    -4.176,     0.000,    -2.000,5,5540,1330,23,728,260,48,1970,12,551,750,180,0.9
1415230747580,T,   -20.382,     0.283,     1.417,     0.218,     0.171,    -6.208,     0.000,    -3.000,6,5540,1330,23,728,260,48,1970,12,551,750,180,0.9
1415230747732,T,   -21.582,    -0.110,     1.365,     0.042,     0.045,     4.210,     0.000,     1.000,6,5540,1330,23,728,260,48,1970,12,551,750,180,0.9
1415230747884,T,   -21.603,     0.591,     1.306,     0.054,     0.124,    -0.373,     0.000,    -1.000,6,5540,1330,23,728,260,48,1970,12,551,750,180,0.9
1415230748034,T,   -22.151,    -0.243,     1.284,     0.036,     0.050,     9.703,     0.000,     1.000,5,5540,1330,23,728,260,48,1970,12,551,750,180,0.9
1415230748190,T,   -23.142,     0.361,     1.219,     0.029,     0.050,     6.181,     0.000,     1.000,7,5540,1330,23,728,260,48,1970,12,551,750,180,0.9
1415230748342,T,   -23.641,     0.209,     1.193,     0.028,     0.053,    12.928,     0.000,     1.000,6,5540,1330,23,728,260,48,1970,12,551,750,180,0.9
1415230748493,T,   -23.867,     0.960,     1.046,     0.052,     0.051,    -1.984,     0.000,     2.000,5,5540,1330,23,728,260,48,1970,12,551,750,180,0.9
1415230748645,T,   -25.631,     1.088,     0.923,     0.384,     0.382,   -22.475,     0.000,    -3.000,6,5540,1330,23,728,260,48,1970,12,551,750,180,0.9
1415230748799,T,   -26.441,    -0.585,     0.969,     0.061,     0.040,     4.315,     0.000,     1.000,5,5540,1330,23,728,260,48,1970,12,551,750,180,0.9
1415230748949,T,   -28.172,     1.041,     0.987,     0.325,     0.187,   -22.664,     0.000,    -4.000,5,5540,1330,23,728,260,48,1970,12,551,750,180,0.9
1415230749104,T,   -35.599,     0.164,     1.093,     2.175,     0.539,   -34.970,     0.000,   -11.000,6,5540,1330,23,728,260,48,1970,12,551,750,180,0.9
1415230749260,T,   -50.096,    -5.188,     1.026,     2.656,     0.329,    -8.484,     0.000,   -15.000,7,5540,1330,23,728,260,48,1970,12,551,750,180,0.9
1415230749411,T,   -66.846,    -6.821,     0.895,     0.085,     0.056,   -17.453,     0.000,    -1.000,6,5540,1330,23,728,260,48,1970,12,551,750,180,0.9
1415230749567,T,   -77.921,    -3.819,     0.682,    -0.000,     0.000,    12.086,     0.000,     0.000,5,5540,1330,23,728,260,48,1970,12,551,750,180,0.9
1415230749722,T,   -88.691,    -1.815,     0.451,    -0.000,     0.025,     4.661,     0.000,     0.000,6,5540,1330,23,728,260,48,1970,12,551,750,180,0.9
1415230749874,T,   -99.286,    -0.930,     0.328,     0.060,     0.072,    -2.331,     0.000,    -2.000,5,5540,1330,23,728,260,48,1970,12,551,750,180,0.9
1415230750029,T,  -107.221,    -2.090,     0.494,     0.021,     0.032,     5.431,     0.000,    -1.000,6,5540,1330,23,728,260,48,1970,12,551,750,180,0.9
1415230750181,T,  -110.576,    -0.260,     0.517,     0.044,     0.044,    -3.884,     0.000,     2.000,5,5540,1330,23,728,260,48,1970,12,551,750,180,0.9
1415230750500,T,  -110.723,    -0.281,     0.548,     0.021,     0.041,     7.819,     0.000,     1.000,6,5540,1330,23,728,260,48,1970,12,551,750,180,0.9
1415230750506,T,  -110.183,    -0.334,     0.681,     0.031,     0.073,    -1.421,     0.000,     1.000,6,5540,1330,23,728,260,48,1970,12,551,750,180,0.9
1415230750639,T,  -109.711,    -0.694,     0.721,     0.051,     0.045,     6.219,     0.000,     2.000,6,5540,1330,23,728,260,48,1970,12,551,750,180,0.9
1415230750792,T,  -109.473,    -0.041,     0.626,     0.042,     0.036,     7.813,     0.000,     2.000,7,5540,1330,23,728,260,48,1970,12,551,750,180,0.9
1415230750946,T,  -109.188,    -0.153,     0.751,     0.020,     0.037,    11.370,     0.000,     1.000,5,5540,1330,23,728,260,48,1970,12,551,750,180,0.9
1415230751098,T,  -108.392,    -0.012,     0.718,     0.048,     0.027,     9.126,     0.000,     3.000,6,5540,1330,23,728,260,48,1970,12,551,750,180,0.9
1415230751257,T,  -107.364,     1.385,     0.812,     0.137,     0.044,     1.961,    -2.000,     5.000,6,5540,1330,23,728,260,48,1970,12,551,750,180,0.9
1415230751402,T,  -106.775,     0.748,     0.835,    -0.000,     0.110,     2.091,     0.000,     0.000,5,5540,1330,23,728,260,48,1970,12,551,750,180,0.9
1415230751552,T,  -106.211,    -0.813,     0.806,     0.022,     0.019,    18.208,     0.000,     1.000,6,5540,1330,23,728,260,48,1970,12,551,750,180,0.9
1415230751709,T,  -105.097,    -0.921,     0.807,     0.034,     0.001,    24.573,     0.000,     4.000,6,5540,1330,23,728,260,48,1970,12,551,750,180,0.9
1415230751864,T,  -104.076,     0.346,     1.203,     0.025,     0.001,    21.148,     0.000,     7.000,5,5540,1330,23,728,260,48,1970,12,551,750,180,0.9
1415230752017,T,  -103.598,     2.002,     1.316,     0.391,     0.154,    -3.179,    -4.000,     4.000,5,5540,1330,23,728,260,48,1970,12,551,750,180,0.9
1415230752171,T,  -104.057,    -0.555,     1.347,     0.078,     0.003,    27.650,     0.000,     4.000,6,5540,1330,23,728,260,48,1970,12,551,750,180,0.9
1415230752319,T,  -104.582,    -0.124,     1.092,     0.058,     0.003,    31.118,     0.000,     7.000,6,5540,1330,23,728,260,48,1970,12,551,750,180,0.9
1415230752475,T,  -105.458,     2.533,     1.160,     0.077,     0.018,     9.525,     0.000,     9.000,5,5540,1330,23,728,260,48,1970,12,551,750,180,0.9
1415230752626,T,  -106.795,     6.188,     1.595,     0.264,     0.111,    -9.634,     0.000,     7.000,7,5540,1330,23,728,260,48,1970,12,551,750,180,0.9
1415230752777,T,  -108.474,     5.181,     1.625,    -0.000,     0.367,   -13.242,     0.000,     0.000,6,5540,1330,23,728,260,48,1970,12,551,750,180,0.9
1415230752929,T,  -108.666,     1.731,     1.653,     0.337,     0.115,     8.455,    -4.000,     0